"project","path","type","name","status","for_packages","tag","extension","size","md5","sha1","sha256","sha512","mime_type","file_type","programming_language","is_binary","is_text","is_archive","is_media","is_legal","is_manifest","is_readme","is_top_level","is_key_file","detected_license_expression","detected_license_expression_spdx","license_detections","license_clues","percentage_of_license_text","compliance_alert","copyrights","holders","authors","package_data","emails","urls","extra_data","xlsx_errors"
"mcping-v0.2.0 250117_112749","to/mcping","file","mcping","requires-review",,"to",,"1018224","5aa2c2bfae9ca905e9b6818c0f060d62","a717f7fd5cf5f90ba8476fb7d342428278a7afd3","d4160836b001d77ddea6043ae7b74d2e16a1455cfade001d0cc29f366d9c4dce",,"application/x-pie-executable","ELF 64-bit LSB pie executable, x86-64, version 1 (SYSV), dynamically linked, interpreter /lib64/ld-linux-x86-64.so.2, BuildID[sha1]=b9e7f0ac0472cf235f33016dd32cd28d63877ec2, for GNU/Linux 3.2.0, stripped",,"True",,,,,,,,,,,,,,,,,,,,"https://github.com/clap-rs/clap/issuescould
https://github.com/clap-rs/clap/issues
https://github.com/clap-rs/clap/issues/home/runner/.cargo/registry/src/index.crates.io-6f17d22bba15001f/clap_builder-4.4.11/src/parser/matches/matched_arg.rs
https://github.com/clap-rs/clap/issues/home/runner/.cargo/registry/src/index.crates.io-6f17d22bba15001f/clap_builder-4.4.11/src/parser/arg_matcher.rs/home/runner/.cargo/registry/src/index.crates.io-6f17d22bba15001f/clap_builder-4.4.11/src/util/flat_map.rs
https://github.com/clap-rs/clap/issues/home/runner/.cargo/registry/src/index.crates.io-6f17d22bba15001f/clap_builder-4.4.11/src/builder/arg.rs/home/runner/.cargo/registry/src/index.crates.io-6f17d22bba15001f/clap_builder-4.4.11/src/mkeymap.rsl
https://github.com/clap-rs/clap/issues/home/runner/.cargo/registry/src/index.crates.io-6f17d22bba15001f/clap_builder-4.4.11/src/builder/arg.rs--long
https://github.com/clap-rs/clap/issuescalled","rust_symbols: []
",
"todoist-rs-v0.0.6 250117_112749","to/todoist","file","todoist","requires-review",,"to",,"5832952","cc624dcaad251491fbee26f5afc3fbf8","8607d61b1b83d576f2e00e406d88d11c2bb8696b","00bfeaf1efcf88ff11af4147f5a2ca6a092339d10ed64c8cfa70a045f4978ef9",,"application/x-pie-executable","ELF 64-bit LSB pie executable, x86-64, version 1 (SYSV), dynamically linked, interpreter /lib64/ld-linux-x86-64.so.2, BuildID[sha1]=daaaebb554ab3e91e68093b3d4e011b4a8afcd76, for GNU/Linux 3.2.0, not stripped",,"True",,,,,,,,,,,,,,,,,,,,"https://api.todoist.com/rest/v2/projectshttps:/api.todoist.com/rest/v2/taskshttps:/api.todoist.com/rest/v2/sectionshttps:/api.todoist.com/rest/v2/tasks/closesrc/key_handler.rslistis_team_inboxstruct
https://app.todoist.com/app/settings/integrations/developerUnder","The value of: extra_data has been truncated from: 52649 to 32767 length to fit in an XLSX cell maximum length",
"gof2edit-v0.10.5 250117_112749","to/gof2edit","file","gof2edit","requires-review",,"to",,"2377928","f03fa509ca393eb7280c281c5e649c58","b506199bb84936002ab3273edf0aa06baa31b92f","76c4d2aadb815cd058c8ac56f31be5cfa2e8c93ccfe2edfa2d32f17e826789e4",,"application/x-pie-executable","ELF 64-bit LSB pie executable, x86-64, version 1 (SYSV), dynamically linked, interpreter /lib64/ld-linux-x86-64.so.2, BuildID[sha1]=3fbb77009e5197974dcc329c69f35bd018c8cccc, for GNU/Linux 3.2.0, not stripped",,"True",,,,,,,,,,,,,,,,,,,,"https://github.com/clap-rs/clap/issuesValueEnum::value_variants
https://github.com/clap-rs/clap/issues
https://github.com/clap-rs/clap/issuesinner
https://github.com/clap-rs/clap/issues/home/runner/.cargo/registry/src/index.crates.io-6f17d22bba15001f/clap_builder-4.5.24/src/parser/matches/matched_arg.rs
https://github.com/clap-rs/clap/issues/home/runner/.cargo/registry/src/index.crates.io-6f17d22bba15001f/clap_builder-4.5.24/src/parser/validator.rs/home/runner/.cargo/registry/src/index.crates.io-6f17d22bba15001f/clap_builder-4.5.24/src/util/flat_map.rs
https://github.com/clap-rs/clap/issues/home/runner/.cargo/registry/src/index.crates.io-6f17d22bba15001f/clap_builder-4.5.24/src/parser/arg_matcher.rs
https://github.com/clap-rs/clap/issues=-/home/runner/.cargo/registry/src/index.crates.io-6f17d22bba15001f/clap_builder-4.5.24/src/builder/arg.rsfalse--mid","rust_symbols:
  - '&T'
  - '&[u8]'
  - '&clap_builder'
  - '&mut F'
  - '&mut T'
  - '&mut W'
  - '&mut serde_json'
  - '&std'
  - '&str'
  - '*mut T'
  - 2d6ha0fxbuhfeafx46x1yrp6y
  - ARGC.0
  - ARGV.0
  - Abbreviation
  - Abbreviations
  - AbbreviationsCache
  - Adapter
  - Address
  - Adler32
  - Agent
  - Any
  - AnyValue
  - AnyValueId
  - AnyValueParser
  - ArangeHeader
  - Arc
  - ArcInner
  - Arg
  - ArgGroup
  - ArgMatcher
  - ArgMatches
  - ArgsOs
  - Arguments
  - Attribute
  - AttributeValue
  - Attributes
  - AutoHelp
  - AutoStream
  - BTreeMap
  - BacktraceFrameFmt
  - BacktraceLock
  - Big32x40
  - BinRead
  - BinReader
  - BinWrite
  - BinaryPatch
  - BinaryVersion
  - BoolValueParser
  - BoolVisitor
  - BorrowMutError
  - Box
  - Buf
  - BufGuard
  - BufReader
  - BufWriter
  - Bytes
  - BytesVisitor
  - CACHED_POW10
  - CStr
  - CString
  - Cache
  - Cell
  - Chain
  - CharSearcher
  - Chars
  - ChildGraph
  - ChildStdin
  - Clone
  - Cloned
  - ColorChoice
  - Colorizer
  - Command
  - CommandFactory
  - Component
  - Components
  - Compound
  - Conflicts
  - Context
  - ContextKind
  - ContextValue
  - ConvertVec
  - Copied
  - Cow
  - CowStrVisitor
  - DEBUG_PATH_EXISTS.0
  - DOUBLE_POW5_INV_SPLIT
  - DOUBLE_POW5_SPLIT
  - Debug
  - DebugInfoUnitHeadersIter
  - DebugList
  - DebugSet
  - DebugStruct
  - DebugTuple
  - Default
  - Demangle
  - Deref
  - Deserialize
  - DeserializeSeed
  - Deserializer
  - Display
  - DisplayBacktrace
  - DisplayBuffer
  - DoubleEndedIterator
  - Drain
  - Drop
  - DropGuard
  - Dwarf
  - Economy
  - Edge
  - EndianSlice
  - Engine
  - EntriesCursor
  - Entry
  - EnumValueParser
  - Enumerate
  - Error
  - Error$u2b$core
  - ErrorCode
  - ErrorFormatter
  - ErrorImpl
  - ErrorInner
  - Escape
  - Exception
  - Expected
  - Extend
  - Extensions
  - Faction
  - File
  - FileEntry
  - FileEntryFormat
  - FilterMap
  - FlatMap
  - FlatSet
  - Flatten
  - Fn
  - FnMut
  - FnOnce
  - FormatStringPayload
  - Formatter
  - FrameIter
  - From
  - FromArgMatches
  - FromFn
  - FromIterator
  - FromStr
  - FromUtf16Error
  - FromUtf8Error
  - Function
  - Functions
  - GenericShunt
  - Global
  - HEX0
  - HEX1
  - Handle
  - HelpTemplate
  - HexNibbles
  - Hook
  - Id
  - Ident
  - Idx
  - ImageParts
  - InPlaceDrop
  - InPlaceDstDataSrcBufDrop
  - IncompleteLineProgram
  - Index
  - Infallible
  - Inner
  - Internal
  - IntoIter
  - IntoResettable
  - IoRead
  - IsTerminal
  - Item
  - Iter
  - Iterator
  - Iterator$u2b$Item $u3d$ clap_builder
  - JsonUnexpected
  - KaamoStatus
  - LangString
  - LayoutError
  - LazyCell
  - Leaf
  - Library
  - LineColIterator
  - LineProgramHeader
  - LineRows
  - LineSequence
  - LineWriter
  - LineWriterShim
  - Lines
  - LittleEndian
  - LocationRangeUnitIter
  - LookForDecimalPoint
  - LoopingLookup
  - LowerHex
  - MAIN_ALTSTACK.0
  - MKeyMap
  - Map
  - MapAccess
  - Mapping
  - MapsEntry
  - MatchedArg
  - MatchesError
  - Medal
  - Message
  - Mut
  - Mutex
  - NEED_ALTSTACK.0
  - NewsItem
  - NodeRef
  - NodeType
  - ON_BROKEN_PIPE_FLAG_USED.0
  - OUTPUT_CAPTURE_USED.0
  - Object
  - Offset
  - Once
  - OnceLock
  - One
  - OneOf
  - OpenOptions
  - Option
  - OsStr
  - OsStrExt
  - OsString
  - PAGE_SIZE.0
  - POW10
  - POW5TO128
  - POW5TO16
  - POW5TO256
  - POW5TO32
  - POW5TO64
  - PadAdapter
  - PanicGuard
  - PanicPayload
  - ParseHexError
  - ParseIntError
  - ParseResult
  - ParsedArg
  - Parser
  - ParserNumber
  - PartialEq
  - PatchTarget
  - Path
  - PathBuf
  - PathBufValueParser
  - Pattern
  - Payload
  - PendingArg
  - PhantomData
  - Position
  - PossibleValue
  - PrimitiveVisitor
  - Printer
  - Range
  - RangedI64ValueParser
  - RawArgs
  - RawVec
  - RawVecInner
  - Read
  - ReadBytesExt
  - ReadRef
  - Reader
  - ReentrantLockGuard
  - RefCell
  - RepackTarget
  - ResUnit
  - Result
  - RichFormatter
  - RngListIter
  - RwLock
  - RwLockReadGuard
  - STATX_SAVED_STATE.0
  - STORAGE.0
  - Save
  - SaveAgent
  - SaveBlueprint
  - SaveInventoryItem
  - SaveMission
  - SavePendingProduct
  - SavePreview
  - SaveShip
  - SaveShipEquipment
  - SaveStation
  - SaveWanted
  - Scrt1
  - Searcher
  - SecurityLevel
  - Seek
  - Send
  - SeqAccess
  - SerHex
  - Serialize
  - SerializeMap
  - SerializeStruct
  - SerializeTuple
  - Serializer
  - Ship
  - ShipBackup
  - ShipPosition
  - ShortFlags
  - SizeLimitExhausted
  - SizeLimitedFmtAdapter
  - Slice
  - SliceContains
  - SlicePartialEq
  - SliceRead
  - SmallVec
  - SpecExtend
  - SpecFromIter
  - SpecFromIterNested
  - SpecNewImpl
  - SpecWriteFmt
  - Splice
  - Split
  - Stash
  - State
  - StaticStrPayload
  - Station
  - Stderr
  - StderrLock
  - StdinLock
  - Stdout
  - StdoutLock
  - StdoutRaw
  - Storage
  - Str
  - StrRead
  - StrSearcher
  - String
  - StringError
  - StringValueParser
  - StringVisitor
  - String]
  - StripPrefixError
  - Style
  - StyleDisplay
  - StyledStr
  - SubCommand
  - Subcommand
  - SupUnit
  - Symbol
  - SymbolName
  - Sync$u2b$core
  - System
  - Thread
  - ThreadId
  - ToString
  - TryFrom
  - TryFromIntError
  - Two
  - TypeId
  - TypedValueParser
  - USER.0
  - Unexpected
  - Unit
  - UnitIndex
  - UnitOffset
  - UnitVisitor
  - UnixStream
  - UnpackTarget
  - UpperHex
  - Usage
  - Utf8Chunks
  - Utf8Error
  - Utf8Parser
  - VacantEntry
  - Validator
  - Value
  - ValueEnum
  - ValueParser
  - VariantAccess
  - Vec
  - VecVisitor
  - Visitor
  - Wanted
  - WideString
  - Wingmen
  - WithDecimalPoint
  - Write
  - WriteBytesExt
  - Zip
  - '[A]'
  - '[addr2line'
  - '[alloc'
  - '[u32; 3]'
  - __FieldVisitor
  - __Visitor
  - __abi_tag
  - __do_global_dtors_aux
  - __do_global_dtors_aux_fini_array_entry
  - __dso_handle
  - __frame_dummy_init_array_entry
  - __private
  - __rdl_alloc
  - __rdl_alloc_zeroed
  - __rdl_dealloc
  - __rdl_realloc
  - __rg_oom
  - __rust_alloc
  - __rust_alloc_error_handler
  - __rust_alloc_error_handler_should_panic
  - __rust_alloc_zeroed
  - __rust_begin_short_backtrace
  - __rust_dealloc
  - __rust_drop_panic
  - __rust_end_short_backtrace
  - __rust_foreign_exception
  - __rust_no_alloc_shim_is_unstable
  - __rust_panic_cleanup
  - __rust_realloc
  - __rust_start_panic
  - _build
  - _build_bin_names_internal
  - _build_recursive
  - _build_self
  - _build_subcommand
  - _do_parse
  - _eprint
  - _fini
  - _from_vec_unchecked
  - _init
  - _open
  - _print
  - _print_fmt
  - _rust_extern_with_linkage___dso_handle
  - _set_extension
  - _start
  - _strip_prefix
  - _var_os
  - _with_extension
  - _xgetbv
  - _{{closure}}
  - abbrev
  - abort
  - abort_internal
  - about
  - adapter
  - adapters
  - add
  - add_defaults
  - add_index_to
  - add_val_to
  - addr2line
  - adler
  - advance_by
  - agent
  - alloc
  - allocate
  - anstream
  - anstyle
  - anstyle_parse
  - any
  - any_value
  - append_val
  - apply_match
  - aranges
  - arch
  - arcinner_layout_for_value_layout
  - arg
  - arg_group
  - arg_internal
  - arg_matcher
  - arg_matches
  - args
  - args_os
  - argument_conflict
  - arguments
  - array
  - as_path
  - as_str
  - assert_failed
  - assert_failed_inner
  - attr_string
  - attribute
  - augment_subcommands
  - auto
  - avx2
  - avx2_cpuid
  - backtrace
  - backtrace_rs
  - begin_panic
  - begin_panic_handler
  - bignum
  - bin_io
  - bin_to_json
  - binary_patch
  - binary_version
  - blueprint
  - bool
  - borrow
  - borrow_cow_str
  - boxed
  - btree
  - buffer_capacity_required
  - buffered
  - bufreader
  - bufwriter
  - build_conflict_err
  - build_id
  - builder
  - builders
  - byteorder
  - bytes
  - bytes_to_path
  - c_str
  - cache
  - call
  - call_mut
  - call_once
  - call_once_force
  - call_once{{vtable.shim}}
  - callback
  - canonicalize
  - capacity_overflow
  - cause
  - cc
  - cell
  - chain
  - char
  - char_count_general_case
  - check
  - check_explicit
  - choice
  - choose_pivot
  - clap_builder
  - clap_lex
  - cleanup
  - clone
  - clone_any
  - cloned
  - cmp
  - collect
  - collect_seq
  - collections
  - color
  - colorchoice
  - command
  - common
  - compiler_builtins
  - completed.0
  - compress
  - compress256
  - contains
  - contains_id
  - context
  - convert
  - converts
  - copied
  - copy_from_slice
  - core
  - core_arch
  - count
  - count_raw
  - cpuid
  - cpuid_count
  - create_usage_no_title
  - create_usage_with_title
  - crtstuff
  - current
  - current_dir
  - current_exe
  - custom
  - d2s_full_table
  - data
  - de
  - debug_list
  - debug_path_exists
  - debug_struct
  - debug_struct_field1_finish
  - debug_struct_field2_finish
  - debug_tuple_field1_finish
  - decode_error_kind
  - decode_four_hex_digits
  - decode_hex_escape
  - decompress
  - decompress_zlib
  - default
  - default_alloc_error_hook
  - default_hook
  - default_read_to_end
  - demangle
  - deref
  - deregister_tm_clones
  - derive
  - description
  - deserialize
  - deserialize_bool
  - deserialize_bytes
  - deserialize_i32
  - deserialize_map
  - deserialize_number
  - deserialize_seq
  - deserialize_string
  - deserialize_struct
  - deserialize_tuple
  - destroy
  - destructors
  - detect
  - detect_and_initialize
  - did_you_mean
  - did_you_mean_flag
  - digest_blocks
  - digit_table
  - digits_to_dec_str
  - disambiguator
  - display
  - display_width
  - do_count_chars
  - do_reserve_and_handle
  - double_ended
  - dragon
  - drain
  - drift
  - driftsort_main
  - drop
  - drop_in_place
  - drop_slow
  - duplicate_field
  - dwarf
  - dying_next
  - dyn core
  - dyn serde
  - economy
  - elf
  - enable
  - end
  - end_map
  - end_seq
  - endian_slice
  - endianity
  - engine
  - entry
  - enumerate
  - env
  - eq
  - eq_ignore_case
  - equal
  - error
  - escape_debug_ext
  - exception_cleanup
  - exhausted
  - exit
  - exit_guard
  - expect_failed
  - expecting
  - ext
  - extend
  - extend_context_unchecked
  - extend_from_slice
  - extend_unchecked
  - f32
  - f64
  - faction
  - features
  - ffi
  - field
  - file_name
  - file_stem
  - fill_in_global_values
  - filter_map
  - find
  - find_avx2
  - find_eh_action
  - find_function_or_location
  - find_long_subcmd
  - find_raw
  - find_raw_avx2
  - find_sse2
  - find_unit
  - finish
  - finish_grow
  - fix_position
  - flat_map
  - flat_set
  - flatten
  - float
  - float_to_decimal_common_exact
  - float_to_decimal_common_shortest
  - flt2dec
  - flush
  - flush_buf
  - fmt
  - fmt_to
  - fold
  - for_app
  - format
  - format32
  - format64
  - format_error
  - format_error_message
  - format_escaped_str
  - format_exact
  - format_exact_opt
  - format_group
  - format_inner
  - format_shortest
  - format_shortest_opt
  - formatted
  - frame_dummy
  - from
  - from_arg_matches_mut
  - from_bytes_with_nul
  - from_fn
  - from_iter
  - from_iter_in_place
  - from_str
  - from_str_radix
  - from_str_radix_panic
  - from_str_radix_panic_rt
  - from_trait
  - from_utf16
  - from_utf8
  - from_utf8_lossy
  - fromhex
  - fs
  - function
  - futex
  - gather_conflicts
  - gather_direct_conflicts
  - gcc
  - generic_jaro
  - get
  - get_backtrace_style
  - get_external_subcommand_value_parser
  - get_help_flag
  - get_matches_with
  - get_required_usage_from
  - get_value_parser
  - getenv
  - gimli
  - global
  - gof2edit
  - graph
  - grapheme_extend
  - grisu
  - grow_amortized
  - grow_one
  - guard
  - h1e9a0b2b1be53fc3
  - h22cf72f627a64ecc
  - h49dae495f1e80b07
  - h4d0ee0f1a016d0a6
  - h4fc0e4f8a71ba4e0
  - h598104a74e475702
  - h5b1a15a6922d36fc
  - h6684ea204d8da120
  - h69664e524063be8f
  - h6a5845f4c597fdd0
  - h735d71816e14d11c
  - h780eeed3c73b8ca5
  - h7a972f3efcbefa93
  - h8235251c248e54fa
  - h8c3a8bea560af532
  - h91d52aee4249d74b
  - h967ba840329aeb1b
  - h96aaccc212aefe80
  - ha0cc126fd5f6d9a6
  - hack
  - had509b5cb85ae21c
  - handle_alloc_error
  - handle_error
  - has_next_element
  - has_next_key
  - has_windows_root
  - hashbrown
  - hb458327e58f2bab6
  - hb9e1153b17ef8c01
  - hc3ceb6bd15dfdf52
  - hcd16f28a9e9e5ea8
  - hd68c22070c302138
  - hdb0e3c710c44c5db
  - heapsort
  - help
  - help_template
  - hex_nibbles
  - hf2ab7b2f1bde06b7
  - i128
  - i16
  - i32
  - i64
  - i8
  - id
  - ident
  - ignore_exponent
  - ignore_integer
  - ignore_str
  - image_parts
  - imp
  - impl [T]
  - impl char
  - impl core
  - impl gof2edit
  - impl i64
  - impl serde
  - impl std
  - impl str
  - impl u32
  - impl u64
  - impl usize
  - impls
  - in_binder
  - in_place_collect
  - in_place_drop
  - increase
  - indent
  - index
  - infer_type_id
  - inflate
  - init_current
  - init_get
  - init_inner
  - init_tree
  - init_wrapper
  - initialize
  - inner
  - insert
  - insert_bytes
  - insert_context_unchecked
  - insert_fit
  - insert_from_slice
  - insert_recursing
  - insert_tail
  - insert_unchecked
  - integer_62
  - into_inner
  - into_iter
  - into_resettable
  - into_string
  - into_vals_flatten
  - invalid_length
  - invalid_subcommand
  - invalid_type
  - invalid_utf8
  - invalid_value
  - inventory_item
  - io
  - ipnsort
  - is_contained_in
  - is_dir
  - is_empty
  - is_escape
  - is_file
  - is_long
  - is_negative_number
  - is_printable
  - is_short
  - is_terminal
  - is_write_vectored
  - is_zero_slow_path
  - isize
  - item
  - iter
  - iterator
  - jaro
  - join_generic_copy
  - json_to_bin
  - kaamo_status
  - key
  - lang_start
  - lang_start_internal
  - lang_string
  - layout
  - lazy
  - legacy
  - len_before_body
  - len_mismatch_fail
  - libs_dl_iterate_phdr
  - libunwind
  - line
  - linewriter
  - linewritershim
  - linux_like
  - load_dwarf_package
  - locate_build_id
  - lock
  - lock_contended
  - lookup
  - lookup_slow
  - lossy
  - main
  - make_error
  - make_handler
  - mantissa
  - map
  - marker
  - match_arg_error
  - matched_arg
  - matches
  - medal
  - median3_rec
  - mem
  - memchr
  - memchr2_raw
  - memchr_aligned
  - memrchr
  - memrchr_raw
  - merge
  - metadata
  - methods
  - miniz_oxide
  - missing_field
  - missing_required_argument
  - missing_subcommand
  - mission
  - mkeymap
  - mmap
  - mul_digits
  - mul_pow10
  - mul_pow2
  - mutex
  - name
  - name_attr
  - name_entry
  - name_no_brackets
  - namespace
  - native
  - net
  - new
  - new_debug
  - new_lookup
  - new_uninit_in
  - new_val_group
  - news_item
  - next
  - next_back
  - next_bytes
  - next_code_point
  - next_element
  - next_element_seed
  - next_entry
  - next_flag
  - next_key_seed
  - next_match
  - next_os
  - next_str
  - next_value
  - next_value_os
  - no_equals
  - node
  - nth
  - num
  - object
  - once
  - once_lock
  - open_c
  - ops
  - option
  - option_sort_key
  - or_insert
  - os
  - os_str
  - output
  - output_filename
  - pad
  - pad_formatted_parts
  - pad_integral
  - pal
  - panic
  - panic_already_borrowed
  - panic_bounds_check
  - panic_cannot_unwind
  - panic_const
  - panic_const_div_by_zero
  - panic_const_rem_by_zero
  - panic_count
  - panic_fmt
  - panic_in_cleanup
  - panic_nounwind
  - panic_nounwind_fmt
  - panic_nounwind_nobacktrace
  - panic_on_ord_violation
  - panic_unwind
  - panicking
  - parse
  - parse_attribute
  - parse_children
  - parse_decimal
  - parse_decimal_overflow
  - parse_directory_v5
  - parse_escape
  - parse_exponent
  - parse_exponent_overflow
  - parse_file_v5
  - parse_help_subcommand
  - parse_ident
  - parse_integer
  - parse_long_integer
  - parse_next_component_back
  - parse_number
  - parse_object_colon
  - parse_opt_value
  - parse_ref
  - parse_ref_
  - parse_running_mmaps
  - parse_str
  - parse_str_raw
  - parse_unicode_escape
  - parse_whitespace
  - parser
  - patch
  - path
  - path_push
  - pattern
  - payload_as_str
  - peek
  - peek_error
  - peek_invalid_type
  - peek_position
  - pending_product
  - personality
  - pivot
  - pointer_fmt_inner
  - position
  - positional_sort_key
  - possible_subcommand
  - possible_value
  - possible_values
  - possibly_round
  - pretty
  - print
  - print_backref
  - print_const
  - print_const_str_literal
  - print_const_uint
  - print_dyn_trait
  - print_generic_arg
  - print_lifetime_from_index
  - print_path
  - print_path_maybe_open_generics
  - print_quoted_escaped_chars
  - print_raw_with_column
  - print_sep_list
  - print_to_buffer_if_capture_used
  - print_type
  - printable
  - process
  - provide
  - ptr
  - push
  - push_arg_values
  - push_str
  - push_styled
  - push_with_handle
  - push_wtf8_codepoint
  - quicksort
  - range
  - raw
  - raw_vec
  - react
  - read
  - read_agent
  - read_bin
  - read_blueprint
  - read_buf
  - read_bytes_at_until
  - read_contended
  - read_exact
  - read_i64
  - read_object_list
  - read_object_list_indexed
  - read_offset
  - read_ref
  - read_remaining
  - read_sized_offset
  - read_to_end
  - read_to_string
  - read_uleb128
  - reader
  - readlink
  - reentrant_lock
  - register
  - register_tm_clones
  - remaining
  - remove
  - remove_entry
  - remove_subcommand
  - render_file
  - render_usage_
  - repack
  - repeat
  - replace
  - replace_newline_var
  - required_graph
  - reserve
  - resettable
  - resize
  - resolve
  - resolve_pending
  - result
  - rfind_raw
  - rfind_raw_avx2
  - rnglists
  - rt
  - run
  - run_with_cstr_allocating
  - rust_begin_unwind
  - rust_eh_personality
  - rust_oom
  - rust_panic
  - rust_panic_with_hook
  - rustc_demangle
  - rwlock
  - ryu
  - save
  - save_preview
  - sc_spec_vals
  - search_symtab
  - section
  - security_level
  - seek
  - ser
  - serde
  - serde_hex
  - serde_json
  - serialize
  - serialize_element
  - serialize_entry
  - serialize_key
  - serialize_value
  - sha2
  - sha256
  - sha512
  - shani_cpuid
  - shared
  - ship
  - ship_backup
  - ship_equipment
  - ship_position
  - signal_handler
  - simd_contains
  - size_hint
  - skip_attributes
  - skip_to_escape_slow
  - skipping_printing
  - slice
  - slice_contains
  - slice_end_index_len_fail
  - slice_end_index_overflow_fail
  - slice_error_fail
  - slice_error_fail_rt
  - slice_index_order_fail
  - slice_start_index_len_fail
  - small_c_string
  - small_probe_read
  - small_sort_general
  - small_sort_general_with_scratch
  - smallsort
  - smallvec
  - soft
  - sort
  - sort4_stable
  - sort8_stable
  - sources
  - spec_extend
  - spec_from_iter
  - spec_from_iter_nested
  - spec_new_impl
  - spec_vals
  - spec_write_fmt
  - splice
  - split
  - split_leaf_data
  - split_once
  - split_paths
  - sqrt_approx
  - sse2
  - stable
  - stack_overflow
  - start_custom_arg
  - start_custom_group
  - start_occurrence_of_external
  - stash
  - stat
  - station
  - std_detect
  - stderr
  - stdio
  - stdout
  - str
  - str_index_overflow_fail
  - strategy
  - stream
  - string
  - strip
  - strip_prefix
  - strsim
  - style
  - styled_str
  - stylize_arg_suffix
  - stylized
  - subcommand
  - subcommand_conflict
  - subcommand_internal
  - subcommands
  - suggestions
  - symbolize
  - sync
  - syntax
  - sys
  - system
  - take_box
  - targets
  - textwrap
  - thread
  - thread_local
  - to_long
  - to_owned
  - to_path_buf
  - to_possible_value
  - to_short
  - to_str
  - to_string
  - to_string_lossy
  - to_value
  - to_vec
  - to_writer_pretty
  - too_few_values
  - too_many_values
  - trace
  - trace_fn
  - traits
  - transfer
  - trim_end
  - trim_start_matches
  - try_allocate_in
  - try_demangle
  - try_fold
  - try_from
  - try_get_one
  - try_parse_uint
  - try_process
  - try_remove_one
  - try_reserve
  - try_reserve_exact
  - try_set_output_capture
  - try_statx
  - type_id
  - types
  - u128
  - u16
  - u32
  - u64
  - u8
  - udata_value
  - unicode
  - unicode_data
  - uninlined_slow_read_byte
  - unique_thread_exit
  - unit
  - unit_variant
  - unix
  - unknown_argument
  - unknown_variant
  - unnecessary_double_dash
  - unpack
  - unrecognized_subcommand
  - unroll_arg_requires
  - unroll_args_in_group
  - unstable
  - unwrap
  - unwrap_failed
  - update
  - usage
  - usize
  - util
  - utils
  - v0
  - validate
  - validations
  - validator
  - value
  - value_parser
  - value_validation
  - vec
  - visit_map
  - visit_seq
  - visit_str
  - wake
  - wake_writer_or_readers
  - wanted
  - white_space
  - wide_string
  - wingmen
  - with_capacity
  - with_cmd
  - with_content
  - with_global
  - write
  - write_about
  - write_after_help
  - write_agent
  - write_all
  - write_all_args
  - write_all_cold
  - write_all_vectored
  - write_arg_usage
  - write_args
  - write_before_help
  - write_bin
  - write_blueprint
  - write_char
  - write_char_escape
  - write_code
  - write_cold
  - write_f32
  - write_flat_subcommands
  - write_fmt
  - write_formatted_parts
  - write_help
  - write_help_err
  - write_i32
  - write_i64
  - write_mantissa_long
  - write_object_list
  - write_prefix
  - write_slice
  - write_str
  - write_subcommand_usage
  - write_subcommands
  - write_templated_help
  - write_usage_no_title
  - write_values_list
  - write_vectored
  - wrong_number_of_values
  - x86
  - x86_64
  - xsave
  - zip
  - '{{closure}}'
",
"nit-v0.1.4 250117_112749","to/nit","file","nit","requires-review",,"to",,"1509744","da57f2fb7992eb1fdc9caf8d5f1f30d9","883e27ddd9e5bd02af859cee8e6488d3a5e7de40","6a610f9a2039a61b6a56a01b5c93d29df51a1e241227868eddd55afd07eec4ff",,"application/x-pie-executable","ELF 64-bit LSB pie executable, x86-64, version 1 (SYSV), dynamically linked, interpreter /lib64/ld-linux-x86-64.so.2, BuildID[sha1]=7ae30e6d50c27f706a6fc8454719a2d28098d6ad, for GNU/Linux 3.2.0, stripped",,"True",,,,,,,,,,,,,,,,,,,"me@hisamafahri.com","https://github.com/clap-rs/clap/issues
https://github.com/clap-rs/clap/issuesjust
https://github.com/clap-rs/clap/issuesUSAGE","rust_symbols: []
",
"pure-be-v0.2.0 250117_112749","to/pure-be","file","pure-be","requires-review",,"to",,"7514536","e9d1244d628a412637ec6990a9af1f52","0df1dd40c0b080688fd9f0f9f6ff966fbdf60673","86600eb3b8364b9e9eaa761b0c28c31b90567c0032c65c3606105a9f7fa15c54",,"application/x-pie-executable","ELF 64-bit LSB pie executable, x86-64, version 1 (SYSV), dynamically linked, interpreter /lib64/ld-linux-x86-64.so.2, BuildID[sha1]=3d87a93ad0f10be5f78f2e3d891df498b8fc989c, for GNU/Linux 3.2.0, not stripped",,"True",,,,,,,,,,,,,,,,,,,,"https://www.world/
http://www.in/
http://www.w3.org/shortcut
http://www.style/
https://docs.rs/getrandom#nodejs-es-module-support/dev/urandom","The value of: extra_data has been truncated from: 59452 to 32767 length to fit in an XLSX cell maximum length",
"ipobf-0.1.0 250117_112749","to/ipobf","file","ipobf","requires-review",,"to",,"1184720","d152ea878d781e614e33d7cc40d920bc","789ae5a9f77f0ce8644355cabc9fa8aaf7045f79","52078b490c2a22cdae808c546b23ac6455b28f7d5d7e6ab6eb7cbb363d937df4",,"application/x-pie-executable","ELF 64-bit LSB pie executable, x86-64, version 1 (SYSV), dynamically linked, interpreter /lib64/ld-linux-x86-64.so.2, BuildID[sha1]=66a9ed417ff518e191580a36c75d8a7fb4d56e08, for GNU/Linux 3.2.0, not stripped",,"True",,,,,,,,,,,,,,,,,,,,"https://github.com/clap-rs/clap/issues/rustc/eeb90cda1969383f56a2637cbd3037bdf598841c/library/core/src/ops/function.rsattempt
https://github.com/clap-rs/clap/issues
https://github.com/clap-rs/clap/issues/home/runner/.cargo/registry/src/index.crates.io-6f17d22bba15001f/clap_builder-4.5.20/src/parser/matches/matched_arg.rs/rustc/eeb90cda1969383f56a2637cbd3037bdf598841c/library/core/src/slice/sort/stable/quicksort.rsmid
https://github.com/clap-rs/clap/issues/home/runner/.cargo/registry/src/index.crates.io-6f17d22bba15001f/clap_builder-4.5.20/src/parser/arg_matcher.rsinner
https://github.com/clap-rs/clap/issues/home/runner/.cargo/registry/src/index.crates.io-6f17d22bba15001f/clap_builder-4.5.20/src/builder/arg.rs/home/runner/.cargo/registry/src/index.crates.io-6f17d22bba15001f/clap_builder-4.5.20/src/util/flat_map.rs
https://github.com/clap-rs/clap/issues=-/home/runner/.cargo/registry/src/index.crates.io-6f17d22bba15001f/clap_builder-4.5.20/src/builder/arg.rsfalse","rust_symbols:
  - '$u2b$Output $u3d$ '
  - '&T'
  - '&[u8]'
  - '&alloc'
  - '&clap_builder'
  - '&mut F'
  - '&mut T'
  - '&mut W'
  - '&std'
  - '&str'
  - '*mut T'
  - 34v7r1hsl69289gc5c9yjdb3v
  - ARGC.0
  - ARGV.0
  - Abbreviation
  - Abbreviations
  - AbbreviationsCache
  - AccessError
  - Adapter
  - AddrInfoIter
  - AddrParseError
  - Adler32
  - Any
  - AnyValue
  - AnyValueId
  - AnyValueParser
  - ArangeHeader
  - Arc
  - ArcInner
  - Arg
  - ArgGroup
  - ArgMatcher
  - ArgMatches
  - Args
  - ArgsOs
  - Arguments
  - Attribute
  - AttributeValue
  - Attributes
  - AutoHelp
  - AutoStream
  - BTreeMap
  - BacktraceFrameFmt
  - BacktraceLock
  - BoolValueParser
  - BorrowMutError
  - Box
  - Buf
  - BufGuard
  - BufWriter
  - CStr
  - CString
  - Cache
  - Cell
  - CharSearcher
  - Chars
  - ChildGraph
  - ChildStdin
  - Cli
  - Clone
  - Cloned
  - ColorChoice
  - Colorizer
  - Command
  - CommandFactory
  - Component
  - Components
  - Conflicts
  - Context
  - ContextKind
  - ContextValue
  - ConvertVec
  - Copied
  - Cow
  - DEBUG_PATH_EXISTS.0
  - Debug
  - DebugInfoUnitHeadersIter
  - DebugList
  - DebugSet
  - DebugStruct
  - DebugTuple
  - Default
  - Demangle
  - Deref
  - Display
  - DisplayBacktrace
  - DisplayBuffer
  - DoubleEndedIterator
  - Drain
  - Drop
  - DropGuard
  - Dwarf
  - EndianSlice
  - EntriesCursor
  - Entry
  - Error
  - Error$u2b$core
  - ErrorFormatter
  - ErrorInner
  - ErrorKind
  - Escape
  - Exception
  - Extend
  - Extensions
  - File
  - FileEntry
  - FileEntryFormat
  - FilterMap
  - FlatMap
  - FlatSet
  - Flatten
  - FnMut
  - FnOnce
  - FormatStringPayload
  - Formatter
  - FrameIter
  - From
  - FromArgMatches
  - FromFn
  - FromIterator
  - FromStr
  - Function
  - Functions
  - Global
  - Guard
  - Handle
  - HelpTemplate
  - HexNibbles
  - Id
  - Ident
  - Idx
  - InPlaceDrop
  - InPlaceDstDataSrcBufDrop
  - IncompleteLineProgram
  - Index
  - Inner
  - Internal
  - IntoIter
  - IntoResettable
  - Ipv4Addr
  - Ipv6Addr
  - IsTerminal
  - Iter
  - Iterator
  - Iterator$u2b$Item $u3d$ clap_builder
  - LayoutError
  - LazyCell
  - Leaf
  - Library
  - LineProgramHeader
  - LineRows
  - LineSequence
  - LineWriter
  - LineWriterShim
  - Lines
  - LittleEndian
  - Location
  - LocationRangeUnitIter
  - LookupError
  - LoopingLookup
  - LowerHex
  - MAIN_ALTSTACK.0
  - MKeyMap
  - Map
  - Mapping
  - MapsEntry
  - MatchedArg
  - MatchesError
  - Message
  - Mut
  - Mutex
  - NEED_ALTSTACK.0
  - NodeRef
  - NulError
  - ON_BROKEN_PIPE_FLAG_USED.0
  - OUTPUT_CAPTURE_USED.0
  - Object
  - Octal
  - Offset
  - Once
  - OnceCell
  - OnceLock
  - OpenOptions
  - Option
  - OsStr
  - OsStrExt
  - OsString
  - PAGE_SIZE.0
  - PadAdapter
  - PanicGuard
  - PanicPayload
  - ParseIntError
  - ParseResult
  - ParsedArg
  - Parser
  - PartialEq
  - Path
  - PathBuf
  - PathBufValueParser
  - Pattern
  - PendingArg
  - PossibleValue
  - Printer
  - Range
  - RangedI64ValueParser
  - RawArgs
  - RawVec
  - Read
  - ReadRef
  - Reader
  - ReentrantLockGuard
  - RefCell
  - Repr
  - ResUnit
  - Result
  - RichFormatter
  - RngListIter
  - RwLock
  - SHOULD_CAPTURE.0
  - STATX_SAVED_STATE.0
  - Scrt1
  - Searcher
  - Send$u2b$core
  - ShortFlags
  - SizeLimitExhausted
  - SizeLimitedFmtAdapter
  - Slice
  - SliceContains
  - SockAddr
  - SpecExtend
  - SpecFromIter
  - SpecFromIterNested
  - SpecNewImpl
  - SpecWriteFmt
  - Split
  - Stash
  - State
  - StaticStrPayload
  - Stderr
  - StderrLock
  - StderrRaw
  - StdinLock
  - Stdout
  - StdoutLock
  - StdoutRaw
  - Storage
  - Str
  - StrSearcher
  - String
  - String; 8]
  - StringError
  - StringValueParser
  - String]
  - StripPrefixError
  - Style
  - StyleDisplay
  - StyledStr
  - SubCommand
  - SupUnit
  - Symbol
  - SymbolName
  - Sync
  - Thread
  - ThreadId
  - ThreadName
  - ToString
  - TryFrom
  - TryFromIntError
  - TypeId
  - TypedValueParser
  - USER.0
  - Unit
  - UnitIndex
  - UnitOffset
  - UnixStream
  - UpperHex
  - Usage
  - Utf8Chunks
  - Utf8Error
  - Utf8Parser
  - Validator
  - ValueParser
  - Vec
  - Write
  - '[addr2line'
  - '[alloc'
  - __abi_tag
  - __do_global_dtors_aux
  - __do_global_dtors_aux_fini_array_entry
  - __dso_handle
  - __frame_dummy_init_array_entry
  - __rdl_alloc
  - __rdl_alloc_zeroed
  - __rdl_dealloc
  - __rdl_realloc
  - __rg_oom
  - __rust_alloc
  - __rust_alloc_error_handler
  - __rust_alloc_error_handler_should_panic
  - __rust_alloc_zeroed
  - __rust_begin_short_backtrace
  - __rust_dealloc
  - __rust_drop_panic
  - __rust_end_short_backtrace
  - __rust_foreign_exception
  - __rust_no_alloc_shim_is_unstable
  - __rust_panic_cleanup
  - __rust_realloc
  - __rust_start_panic
  - __udivti3
  - _build
  - _build_bin_names_internal
  - _build_recursive
  - _build_self
  - _build_subcommand
  - _do_parse
  - _fini
  - _from_vec_unchecked
  - _init
  - _new
  - _open
  - _print
  - _print_fmt
  - _rust_extern_with_linkage___dso_handle
  - _set_extension
  - _start
  - _strip_prefix
  - _var_os
  - _{{closure}}
  - abbrev
  - abort
  - abort_internal
  - about
  - adapter
  - adapters
  - add
  - add_defaults
  - add_index_to
  - add_val_to
  - addr2line
  - addrinfo
  - adler
  - advance_by
  - alloc
  - allocate
  - anstream
  - anstyle
  - anstyle_parse
  - any
  - any_value
  - append_val
  - apply_match
  - aranges
  - arcinner_layout_for_value_layout
  - arg
  - arg_group
  - arg_internal
  - arg_matcher
  - arg_matches
  - args
  - args_os
  - argument_conflict
  - array
  - as_path
  - as_socket
  - as_str
  - assert_failed
  - assert_failed_inner
  - attr_string
  - augment_args
  - auto
  - backtrace
  - backtrace_rs
  - begin_panic_handler
  - borrow
  - boxed
  - btree
  - buffer_capacity_required
  - buffered
  - bufwriter
  - build_conflict_err
  - build_id
  - builder
  - builders
  - bytes
  - c_str
  - call
  - call_mut
  - call_once
  - call_once{{vtable.shim}}
  - callback
  - canonicalize
  - capacity_overflow
  - cause
  - cc
  - cell
  - char
  - char_count_general_case
  - check
  - check_explicit
  - choice
  - clap_builder
  - clap_lex
  - cleanup
  - cli
  - clone
  - clone_any
  - cloned
  - cmp
  - collect
  - collections
  - color
  - colorchoice
  - command
  - common
  - compiler_builtins
  - completed.0
  - compress_ipv6
  - contains
  - context
  - conversions
  - convert
  - converts
  - copied
  - copy_from_slice
  - core
  - count
  - create_usage_no_title
  - create_usage_with_title
  - crtstuff
  - current
  - current_dir
  - current_exe
  - debug_list
  - debug_path_exists
  - debug_struct
  - debug_struct_field1_finish
  - debug_struct_field2_finish
  - debug_tuple
  - debug_tuple_field1_finish
  - decode_error_kind
  - decompress
  - decompress_zlib
  - default
  - default_alloc_error_hook
  - default_hook
  - default_read_to_end
  - demangle
  - deref
  - deregister_tm_clones
  - derive
  - description
  - destroy
  - destructors
  - did_you_mean
  - did_you_mean_flag
  - disambiguator
  - display
  - display_buffer
  - display_width
  - dns_lookup
  - dns_public
  - dns_rbndr
  - dns_redirect
  - do_count_chars
  - do_reserve_and_handle
  - double_ended
  - downcast_into
  - drain
  - drain_array_with
  - drift
  - driftsort_main
  - drop
  - drop_in_place
  - drop_slow
  - dwarf
  - dying_next
  - dyn core
  - eager
  - elf
  - enable
  - endian_slice
  - endianity
  - entry
  - env
  - eq
  - err
  - errno
  - error
  - escape_debug_ext
  - exception_cleanup
  - exhausted
  - exit
  - exit_guard
  - expect_failed
  - ext
  - extend
  - extend_context_unchecked
  - extend_unchecked
  - f64
  - features
  - ffi
  - field
  - file_name
  - file_stem
  - fill_in_global_values
  - filter_map
  - find
  - find_eh_action
  - find_function_or_location
  - find_long_subcmd
  - find_unit
  - finish
  - finish_grow
  - flat_map
  - flat_set
  - flatten
  - flush
  - flush_buf
  - fmt
  - fmt_subslice
  - fmt_to
  - fold
  - for_app
  - format
  - format_error
  - format_error_message
  - format_group
  - format_inner
  - formatted
  - frame_dummy
  - from
  - from_arg_matches_mut
  - from_bytes_with_nul
  - from_fn
  - from_iter
  - from_iter_in_place
  - from_str
  - from_str_radix
  - from_str_radix_panic
  - from_str_radix_panic_rt
  - from_utf8
  - from_utf8_lossy
  - fs
  - function
  - futex
  - gather_conflicts
  - gather_direct_conflicts
  - gcc
  - gen_permutations_v4
  - gen_permutations_v6
  - generic_jaro
  - get
  - get_backtrace_style
  - get_external_subcommand_value_parser
  - get_help_flag
  - get_matches_from
  - get_matches_with
  - get_required_usage_from
  - get_value_parser
  - getaddrinfo
  - getenv
  - gimli
  - global
  - graph
  - grapheme_extend
  - grow_one
  - guard
  - h01607ae94141ce17
  - h0f5d419d941a43fa
  - h105270b1d69d1a81
  - h3a06c2228277ff5b
  - h3fca8d9c7fd3e09a
  - h46865f6c2a9b8cb6
  - h735b1d77289968de
  - h87756104552df3e5
  - h87b211abcc704932
  - h881cf6be08cfdc13
  - ha82ad79a4a0e574e
  - hack
  - handle_alloc_error
  - handle_error
  - hashbrown
  - hb22d040978df674e
  - hba3d894d772825e3
  - hbc56a12d3072347e
  - heapsort
  - help
  - help_template
  - hex_nibbles
  - hf6cdf275f194c98c
  - hf735124dd3417fd7
  - hfdf76e8b7af65c1d
  - i128
  - i16
  - i32
  - i64
  - i8
  - id
  - ident
  - imp
  - impl [T]
  - impl char
  - impl core
  - impl i64
  - impl std
  - impl str
  - impl u32
  - impl u64
  - impl usize
  - impls
  - in_binder
  - in_place_collect
  - in_place_drop
  - indent
  - index
  - infer_type_id
  - inflate
  - init_tree
  - init_wrapper
  - initialize
  - inner
  - insert
  - insert_bytes
  - insert_context_unchecked
  - insert_tail
  - insert_unchecked
  - integer_62
  - into_inner
  - into_iter
  - into_resettable
  - into_searcher
  - into_string
  - into_vals_flatten
  - invalid_subcommand
  - invalid_utf8
  - invalid_value
  - io
  - ip_addr
  - ipnsort
  - ipobf
  - is_contained_in
  - is_empty
  - is_escape
  - is_long
  - is_negative_number
  - is_printable
  - is_short
  - is_terminal
  - is_write_vectored
  - is_zero_slow_path
  - isize
  - iter
  - iterator
  - jaro
  - join_generic_copy
  - key
  - lang_start
  - lang_start_internal
  - layout
  - lazy
  - legacy
  - len_before_body
  - len_mismatch_fail
  - libs_dl_iterate_phdr
  - libunwind
  - line
  - linewriter
  - linewritershim
  - linux_like
  - load_dwarf_package
  - local
  - locate_build_id
  - location
  - lock
  - lock_contended
  - lookup
  - lookup_host
  - lookup_slow
  - lossy
  - main
  - make_handler
  - map
  - marker
  - matched_arg
  - matches
  - median3_rec
  - mem
  - memchr
  - memchr_aligned
  - memrchr
  - methods
  - miniz_oxide
  - missing_required_argument
  - missing_subcommand
  - mkeymap
  - mmap
  - mutex
  - name
  - name_attr
  - name_entry
  - name_no_brackets
  - namespace
  - native
  - net
  - new
  - new_debug
  - new_inner
  - new_lookup
  - new_val_group
  - next
  - next_back
  - next_bytes
  - next_code_point
  - next_entry
  - next_flag
  - next_match
  - next_os
  - next_str
  - next_value_os
  - no_equals
  - node
  - nth
  - num
  - object
  - once
  - once_lock
  - open_c
  - ops
  - option
  - option_sort_key
  - or_insert
  - os
  - os_str
  - output
  - output_filename
  - pad
  - pad_integral
  - pal
  - panic
  - panic_already_borrowed
  - panic_bounds_check
  - panic_cannot_unwind
  - panic_const
  - panic_const_div_by_zero
  - panic_const_rem_by_zero
  - panic_count
  - panic_fmt
  - panic_in_cleanup
  - panic_nounwind
  - panic_nounwind_fmt
  - panic_nounwind_nobacktrace
  - panic_on_ord_violation
  - panic_unwind
  - panicking
  - parse
  - parse_attribute
  - parse_children
  - parse_directory_v5
  - parse_file_v5
  - parse_help_subcommand
  - parse_next_component_back
  - parse_opt_value
  - parse_ref
  - parse_ref_
  - parse_running_mmaps
  - parser
  - path
  - path_push
  - pattern
  - peek
  - personality
  - pivot
  - pointer_fmt_inner
  - positional_sort_key
  - possible_subcommand
  - possible_value
  - possible_values
  - print
  - print_backref
  - print_const
  - print_const_str_literal
  - print_const_uint
  - print_dyn_trait
  - print_generic_arg
  - print_lifetime_from_index
  - print_path
  - print_path_maybe_open_generics
  - print_quoted_escaped_chars
  - print_raw_with_column
  - print_sep_list
  - print_to_buffer_if_capture_used
  - print_type
  - printable
  - process
  - provide
  - ptr
  - push
  - push_arg_values
  - push_str
  - push_styled
  - quicksort
  - range
  - raw
  - raw_vec
  - react
  - read
  - read_bytes_at_until
  - read_contended
  - read_groups
  - read_ipv4_addr
  - read_ipv6_addr
  - read_number
  - read_offset
  - read_ref
  - read_sized_offset
  - read_to_string
  - read_uleb128
  - reader
  - readlink
  - reentrant_lock
  - register
  - register_tm_clones
  - remaining
  - remove
  - remove_entry
  - render_file
  - render_usage_
  - repeat
  - replace
  - replace_newline_var
  - repr_bitpacked
  - required_graph
  - reserve
  - resettable
  - resize
  - resolve
  - resolve_pending
  - result
  - rnglists
  - rt
  - run
  - run_with_cstr_allocating
  - rust_begin_unwind
  - rust_eh_personality
  - rust_oom
  - rust_panic
  - rust_panic_with_hook
  - rustc_demangle
  - rwlock
  - sc_spec_vals
  - section
  - seek
  - set_current
  - shared
  - sift_down
  - signal_handler
  - simd_contains
  - size_hint
  - skip_attributes
  - skipping_printing
  - slice
  - slice_contains
  - slice_end_index_len_fail
  - slice_end_index_overflow_fail
  - slice_error_fail
  - slice_error_fail_rt
  - slice_index_order_fail
  - slice_start_index_len_fail
  - small_c_string
  - small_probe_read
  - small_sort_general
  - small_sort_general_with_scratch
  - smallsort
  - sockaddr
  - socket2
  - sort
  - sort4_stable
  - sort8_stable
  - source
  - sources
  - spec_extend
  - spec_from_iter
  - spec_from_iter_nested
  - spec_new_impl
  - spec_vals
  - spec_write_fmt
  - split
  - split_once
  - sqrt_approx
  - sse2
  - stable
  - stack_overflow
  - start_custom_arg
  - start_custom_group
  - start_occurrence_of_external
  - stash
  - stat
  - stderr
  - stdio
  - stdout
  - str
  - str_decimal
  - str_hex_lower
  - str_hex_upper
  - str_index_overflow_fail
  - str_octal
  - stream
  - string
  - strip
  - strip_prefix
  - strsim
  - style
  - styled_str
  - stylize_arg_suffix
  - stylized
  - subcommand
  - subcommand_conflict
  - subcommands
  - suggestions
  - symbolize
  - sync
  - sys
  - take_box
  - textwrap
  - thread
  - thread_local
  - to_long
  - to_owned
  - to_short
  - to_str
  - to_string
  - to_string_lossy
  - to_upper
  - to_uppercase
  - to_value
  - to_vec
  - too_few_values
  - too_many_values
  - trace
  - trace_fn
  - traits
  - transfer
  - trim_end
  - trim_end_matches
  - trim_matches
  - trim_start_lines
  - trim_start_matches
  - try_demangle
  - try_fold
  - try_from
  - try_get_one
  - try_init
  - try_parse_uint
  - try_remove_one
  - try_reserve
  - try_statx
  - type_id
  - u128
  - u16
  - u32
  - u64
  - u8
  - udata_value
  - unicode
  - unicode_data
  - unique_thread_exit
  - unit
  - unix
  - unknown_argument
  - unnecessary_double_dash
  - unrecognized_subcommand
  - unroll_arg_requires
  - unroll_args_in_group
  - unstable
  - unwrap
  - unwrap_failed
  - update
  - usage
  - usize
  - util
  - v0
  - validate
  - validations
  - validator
  - value
  - value_parser
  - value_validation
  - vec
  - wake
  - wake_writer_or_readers
  - white_space
  - with_cmd
  - with_content
  - with_global
  - write
  - write_about
  - write_after_help
  - write_all
  - write_all_args
  - write_all_cold
  - write_all_vectored
  - write_arg_usage
  - write_args
  - write_before_help
  - write_char
  - write_code
  - write_cold
  - write_flat_subcommands
  - write_fmt
  - write_help
  - write_help_err
  - write_prefix
  - write_slice
  - write_str
  - write_subcommand_usage
  - write_subcommands
  - write_templated_help
  - write_usage_no_title
  - write_values_list
  - write_vectored
  - wrong_number_of_values
  - x86
  - '{{closure}}'
",
"sns-archive-v0.4.0 250117_112749","to/sns-archive","file","sns-archive","requires-review",,"to",,"47727336","8f7ca1bfcffc4440fe7e215ad928a42b","dda3d4402bde6fadac6818dc28e18debb6be45d5","b9f79559ee6450bcc953d154c9433a0da708a8eb24ac854790f6783a0f405a3e",,"application/x-pie-executable","ELF 64-bit LSB pie executable, x86-64, version 1 (SYSV), dynamically linked, interpreter /lib64/ld-linux-x86-64.so.2, BuildID[sha1]=32f68df3b48d66c3b2b9337d6874c9b70fa5a6ac, for GNU/Linux 3.2.0, not stripped",,"True",,,,,,,,,"unicode AND ngpl AND mit AND (mit AND bsd-new)","LicenseRef-scancode-unicode AND NGPL AND MIT AND (MIT AND BSD-3-Clause)","{'matches': [{'score': 100.0, 'matcher': '2-aho', 'end_line': 47804, 'rule_url': 'https://github.com/nexB/scancode-toolkit/tree/develop/src/licensedcode/data/rules/unicode_12.RULE', 'from_file': None, 'start_line': 47804, 'matched_text': 'Copyright (C) 2016 and later: Unicode, Inc. and others. License & terms of use: http://www.unicode.org/copyright.html', 'match_coverage': 100.0, 'matched_length': 10, 'rule_relevance': 100, 'rule_identifier': 'unicode_12.RULE', 'license_expression': 'unicode', 'license_expression_spdx': 'LicenseRef-scancode-unicode'}], 'identifier': 'unicode-18668cd9-1bb1-cf62-f6d1-2ce84aa23dd8', 'license_expression': 'unicode', 'license_expression_spdx': 'LicenseRef-scancode-unicode'}
{'matches': [{'score': 100.0, 'matcher': '2-aho', 'end_line': 50124, 'rule_url': 'https://github.com/nexB/scancode-toolkit/tree/develop/src/licensedcode/data/rules/unicode_12.RULE', 'from_file': None, 'start_line': 50124, 'matched_text': 'Copyright (C) 2016 and later: Unicode, Inc. and others. License & terms of use: http://www.unicode.org/copyright.html', 'match_coverage': 100.0, 'matched_length': 10, 'rule_relevance': 100, 'rule_identifier': 'unicode_12.RULE', 'license_expression': 'unicode', 'license_expression_spdx': 'LicenseRef-scancode-unicode'}], 'identifier': 'unicode-18668cd9-1bb1-cf62-f6d1-2ce84aa23dd8', 'license_expression': 'unicode', 'license_expression_spdx': 'LicenseRef-scancode-unicode'}
{'matches': [{'score': 100.0, 'matcher': '2-aho', 'end_line': 50542, 'rule_url': 'https://github.com/nexB/scancode-toolkit/tree/develop/src/licensedcode/data/rules/unicode_12.RULE', 'from_file': None, 'start_line': 50542, 'matched_text': 'Copyright (C) 2016 and later: Unicode, Inc. and others. License & terms of use: http://www.unicode.org/copyright.html', 'match_coverage': 100.0, 'matched_length': 10, 'rule_relevance': 100, 'rule_identifier': 'unicode_12.RULE', 'license_expression': 'unicode', 'license_expression_spdx': 'LicenseRef-scancode-unicode'}], 'identifier': 'unicode-18668cd9-1bb1-cf62-f6d1-2ce84aa23dd8', 'license_expression': 'unicode', 'license_expression_spdx': 'LicenseRef-scancode-unicode'}
{'matches': [{'score': 100.0, 'matcher': '2-aho', 'end_line': 50699, 'rule_url': 'https://github.com/nexB/scancode-toolkit/tree/develop/src/licensedcode/data/rules/unicode_12.RULE', 'from_file': None, 'start_line': 50699, 'matched_text': 'Copyright (C) 2016 and later: Unicode, Inc. and others. License & terms of use: http://www.unicode.org/copyright.html', 'match_coverage': 100.0, 'matched_length': 10, 'rule_relevance': 100, 'rule_identifier': 'unicode_12.RULE', 'license_expression': 'unicode', 'license_expression_spdx': 'LicenseRef-scancode-unicode'}, {'score': 100.0, 'matcher': '2-aho', 'end_line': 50703, 'rule_url': 'https://github.com/nexB/scancode-toolkit/tree/develop/src/licensedcode/data/rules/unicode_12.RULE', 'from_file': None, 'start_line': 50703, 'matched_text': 'Copyright (C) 2016 and later: Unicode, Inc. and others. License & terms of use: http://www.unicode.org/copyright.html', 'match_coverage': 100.0, 'matched_length': 10, 'rule_relevance': 100, 'rule_identifier': 'unicode_12.RULE', 'license_expression': 'unicode', 'license_expression_spdx': 'LicenseRef-scancode-unicode'}], 'identifier': 'unicode-52102b72-f4b4-ea26-8b70-13aca0e60eeb', 'license_expression': 'unicode', 'license_expression_spdx': 'LicenseRef-scancode-unicode'}
{'matches': [{'score': 100.0, 'matcher': '2-aho', 'end_line': 54322, 'rule_url': 'https://github.com/nexB/scancode-toolkit/tree/develop/src/licensedcode/data/rules/unicode_12.RULE', 'from_file': None, 'start_line': 54322, 'matched_text': 'Copyright (C) 2016 and later: Unicode, Inc. and others. License & terms of use: http://www.unicode.org/copyright.html', 'match_coverage': 100.0, 'matched_length': 10, 'rule_relevance': 100, 'rule_identifier': 'unicode_12.RULE', 'license_expression': 'unicode', 'license_expression_spdx': 'LicenseRef-scancode-unicode'}], 'identifier': 'unicode-18668cd9-1bb1-cf62-f6d1-2ce84aa23dd8', 'license_expression': 'unicode', 'license_expression_spdx': 'LicenseRef-scancode-unicode'}
{'matches': [{'score': 100.0, 'matcher': '2-aho', 'end_line': 54690, 'rule_url': 'https://github.com/nexB/scancode-toolkit/tree/develop/src/licensedcode/data/rules/unicode_12.RULE', 'from_file': None, 'start_line': 54690, 'matched_text': 'Copyright (C) 2016 and later: Unicode, Inc. and others. License & terms of use: http://www.unicode.org/copyright.html', 'match_coverage': 100.0, 'matched_length': 10, 'rule_relevance': 100, 'rule_identifier': 'unicode_12.RULE', 'license_expression': 'unicode', 'license_expression_spdx': 'LicenseRef-scancode-unicode'}], 'identifier': 'unicode-18668cd9-1bb1-cf62-f6d1-2ce84aa23dd8', 'license_expression': 'unicode', 'license_expression_spdx': 'LicenseRef-scancode-unicode'}
{'matches': [{'score': 100.0, 'matcher': '2-aho', 'end_line': 54906, 'rule_url': 'https://github.com/nexB/scancode-toolkit/tree/develop/src/licensedcode/data/rules/unicode_12.RULE', 'from_file': None, 'start_line': 54906, 'matched_text': 'Copyright (C) 2016 and later: Unicode, Inc. and others. License & terms of use: http://www.unicode.org/copyright.html', 'match_coverage': 100.0, 'matched_length': 10, 'rule_relevance': 100, 'rule_identifier': 'unicode_12.RULE', 'license_expression': 'unicode', 'license_expression_spdx': 'LicenseRef-scancode-unicode'}], 'identifier': 'unicode-18668cd9-1bb1-cf62-f6d1-2ce84aa23dd8', 'license_expression': 'unicode', 'license_expression_spdx': 'LicenseRef-scancode-unicode'}
{'matches': [{'score': 100.0, 'matcher': '2-aho', 'end_line': 54914, 'rule_url': 'https://github.com/nexB/scancode-toolkit/tree/develop/src/licensedcode/data/rules/unicode_12.RULE', 'from_file': None, 'start_line': 54914, 'matched_text': 'Copyright (C) 2016 and later: Unicode, Inc. and others. License & terms of use: http://www.unicode.org/copyright.html', 'match_coverage': 100.0, 'matched_length': 10, 'rule_relevance': 100, 'rule_identifier': 'unicode_12.RULE', 'license_expression': 'unicode', 'license_expression_spdx': 'LicenseRef-scancode-unicode'}], 'identifier': 'unicode-18668cd9-1bb1-cf62-f6d1-2ce84aa23dd8', 'license_expression': 'unicode', 'license_expression_spdx': 'LicenseRef-scancode-unicode'}
{'matches': [{'score': 100.0, 'matcher': '2-aho', 'end_line': 54923, 'rule_url': 'https://github.com/nexB/scancode-toolkit/tree/develop/src/licensedcode/data/rules/unicode_12.RULE', 'from_file': None, 'start_line': 54923, 'matched_text': 'Copyright (C) 2016 and later: Unicode, Inc. and others. License & terms of use: http://www.unicode.org/copyright.html', 'match_coverage': 100.0, 'matched_length': 10, 'rule_relevance': 100, 'rule_identifier': 'unicode_12.RULE', 'license_expression': 'unicode', 'license_expression_spdx': 'LicenseRef-scancode-unicode'}], 'identifier': 'unicode-18668cd9-1bb1-cf62-f6d1-2ce84aa23dd8', 'license_expression': 'unicode', 'license_expression_spdx': 'LicenseRef-scancode-unicode'}
{'matches': [{'score': 100.0, 'matcher': '2-aho', 'end_line': 54939, 'rule_url': 'https://github.com/nexB/scancode-toolkit/tree/develop/src/licensedcode/data/rules/unicode_12.RULE', 'from_file': None, 'start_line': 54939, 'matched_text': 'Copyright (C) 2016 and later: Unicode, Inc. and others. License & terms of use: http://www.unicode.org/copyright.html', 'match_coverage': 100.0, 'matched_length': 10, 'rule_relevance': 100, 'rule_identifier': 'unicode_12.RULE', 'license_expression': 'unicode', 'license_expression_spdx': 'LicenseRef-scancode-unicode'}], 'identifier': 'unicode-18668cd9-1bb1-cf62-f6d1-2ce84aa23dd8', 'license_expression': 'unicode', 'license_expression_spdx': 'LicenseRef-scancode-unicode'}
{'matches': [{'score': 100.0, 'matcher': '2-aho', 'end_line': 54947, 'rule_url': 'https://github.com/nexB/scancode-toolkit/tree/develop/src/licensedcode/data/rules/unicode_12.RULE', 'from_file': None, 'start_line': 54947, 'matched_text': 'Copyright (C) 2016 and later: Unicode, Inc. and others. License & terms of use: http://www.unicode.org/copyright.html', 'match_coverage': 100.0, 'matched_length': 10, 'rule_relevance': 100, 'rule_identifier': 'unicode_12.RULE', 'license_expression': 'unicode', 'license_expression_spdx': 'LicenseRef-scancode-unicode'}], 'identifier': 'unicode-18668cd9-1bb1-cf62-f6d1-2ce84aa23dd8', 'license_expression': 'unicode', 'license_expression_spdx': 'LicenseRef-scancode-unicode'}
{'matches': [{'score': 100.0, 'matcher': '2-aho', 'end_line': 55060, 'rule_url': 'https://github.com/nexB/scancode-toolkit/tree/develop/src/licensedcode/data/rules/unicode_12.RULE', 'from_file': None, 'start_line': 55060, 'matched_text': 'Copyright (C) 2016 and later: Unicode, Inc. and others. License & terms of use: http://www.unicode.org/copyright.html', 'match_coverage': 100.0, 'matched_length': 10, 'rule_relevance': 100, 'rule_identifier': 'unicode_12.RULE', 'license_expression': 'unicode', 'license_expression_spdx': 'LicenseRef-scancode-unicode'}, {'score': 100.0, 'matcher': '2-aho', 'end_line': 55063, 'rule_url': 'https://github.com/nexB/scancode-toolkit/tree/develop/src/licensedcode/data/rules/unicode_12.RULE', 'from_file': None, 'start_line': 55063, 'matched_text': 'Copyright (C) 2016 and later: Unicode, Inc. and others. License & terms of use: http://www.unicode.org/copyright.html', 'match_coverage': 100.0, 'matched_length': 10, 'rule_relevance': 100, 'rule_identifier': 'unicode_12.RULE', 'license_expression': 'unicode', 'license_expression_spdx': 'LicenseRef-scancode-unicode'}, {'score': 100.0, 'matcher': '2-aho', 'end_line': 55067, 'rule_url': 'https://github.com/nexB/scancode-toolkit/tree/develop/src/licensedcode/data/rules/unicode_12.RULE', 'from_file': None, 'start_line': 55067, 'matched_text': 'Copyright (C) 2016 and later: Unicode, Inc. and others. License & terms of use: http://www.unicode.org/copyright.html', 'match_coverage': 100.0, 'matched_length': 10, 'rule_relevance': 100, 'rule_identifier': 'unicode_12.RULE', 'license_expression': 'unicode', 'license_expression_spdx': 'LicenseRef-scancode-unicode'}], 'identifier': 'unicode-cc5ee6d1-1994-e263-5ea4-a6ba58d03d57', 'license_expression': 'unicode', 'license_expression_spdx': 'LicenseRef-scancode-unicode'}
{'matches': [{'score': 100.0, 'matcher': '2-aho', 'end_line': 55614, 'rule_url': 'https://github.com/nexB/scancode-toolkit/tree/develop/src/licensedcode/data/rules/unicode_12.RULE', 'from_file': None, 'start_line': 55614, 'matched_text': 'Copyright (C) 2016 and later: Unicode, Inc. and others. License & terms of use: http://www.unicode.org/copyright.html', 'match_coverage': 100.0, 'matched_length': 10, 'rule_relevance': 100, 'rule_identifier': 'unicode_12.RULE', 'license_expression': 'unicode', 'license_expression_spdx': 'LicenseRef-scancode-unicode'}], 'identifier': 'unicode-18668cd9-1bb1-cf62-f6d1-2ce84aa23dd8', 'license_expression': 'unicode', 'license_expression_spdx': 'LicenseRef-scancode-unicode'}
{'matches': [{'score': 100.0, 'matcher': '2-aho', 'end_line': 57206, 'rule_url': 'https://github.com/nexB/scancode-toolkit/tree/develop/src/licensedcode/data/rules/unicode_12.RULE', 'from_file': None, 'start_line': 57206, 'matched_text': 'Copyright (C) 2016 and later: Unicode, Inc. and others. License & terms of use: http://www.unicode.org/copyright.html', 'match_coverage': 100.0, 'matched_length': 10, 'rule_relevance': 100, 'rule_identifier': 'unicode_12.RULE', 'license_expression': 'unicode', 'license_expression_spdx': 'LicenseRef-scancode-unicode'}], 'identifier': 'unicode-18668cd9-1bb1-cf62-f6d1-2ce84aa23dd8', 'license_expression': 'unicode', 'license_expression_spdx': 'LicenseRef-scancode-unicode'}
{'matches': [{'score': 100.0, 'matcher': '2-aho', 'end_line': 72030, 'rule_url': 'https://github.com/nexB/scancode-toolkit/tree/develop/src/licensedcode/data/rules/unicode_12.RULE', 'from_file': None, 'start_line': 72030, 'matched_text': 'Copyright (C) 2016 and later: Unicode, Inc. and others. License & terms of use: http://www.unicode.org/copyright.html', 'match_coverage': 100.0, 'matched_length': 10, 'rule_relevance': 100, 'rule_identifier': 'unicode_12.RULE', 'license_expression': 'unicode', 'license_expression_spdx': 'LicenseRef-scancode-unicode'}], 'identifier': 'unicode-18668cd9-1bb1-cf62-f6d1-2ce84aa23dd8', 'license_expression': 'unicode', 'license_expression_spdx': 'LicenseRef-scancode-unicode'}
{'matches': [{'score': 100.0, 'matcher': '2-aho', 'end_line': 72271, 'rule_url': 'https://github.com/nexB/scancode-toolkit/tree/develop/src/licensedcode/data/rules/unicode_12.RULE', 'from_file': None, 'start_line': 72271, 'matched_text': 'Copyright (C) 2016 and later: Unicode, Inc. and others. License & terms of use: http://www.unicode.org/copyright.html', 'match_coverage': 100.0, 'matched_length': 10, 'rule_relevance': 100, 'rule_identifier': 'unicode_12.RULE', 'license_expression': 'unicode', 'license_expression_spdx': 'LicenseRef-scancode-unicode'}], 'identifier': 'unicode-18668cd9-1bb1-cf62-f6d1-2ce84aa23dd8', 'license_expression': 'unicode', 'license_expression_spdx': 'LicenseRef-scancode-unicode'}
{'matches': [{'score': 100.0, 'matcher': '2-aho', 'end_line': 73480, 'rule_url': 'https://github.com/nexB/scancode-toolkit/tree/develop/src/licensedcode/data/rules/unicode_12.RULE', 'from_file': None, 'start_line': 73480, 'matched_text': 'Copyright (C) 2016 and later: Unicode, Inc. and others. License & terms of use: http://www.unicode.org/copyright.html', 'match_coverage': 100.0, 'matched_length': 10, 'rule_relevance': 100, 'rule_identifier': 'unicode_12.RULE', 'license_expression': 'unicode', 'license_expression_spdx': 'LicenseRef-scancode-unicode'}], 'identifier': 'unicode-18668cd9-1bb1-cf62-f6d1-2ce84aa23dd8', 'license_expression': 'unicode', 'license_expression_spdx': 'LicenseRef-scancode-unicode'}
{'matches': [{'score': 100.0, 'matcher': '2-aho', 'end_line': 74494, 'rule_url': 'https://github.com/nexB/scancode-toolkit/tree/develop/src/licensedcode/data/rules/unicode_12.RULE', 'from_file': None, 'start_line': 74494, 'matched_text': 'Copyright (C) 2016 and later: Unicode, Inc. and others. License & terms of use: http://www.unicode.org/copyright.html', 'match_coverage': 100.0, 'matched_length': 10, 'rule_relevance': 100, 'rule_identifier': 'unicode_12.RULE', 'license_expression': 'unicode', 'license_expression_spdx': 'LicenseRef-scancode-unicode'}], 'identifier': 'unicode-18668cd9-1bb1-cf62-f6d1-2ce84aa23dd8', 'license_expression': 'unicode', 'license_expression_spdx': 'LicenseRef-scancode-unicode'}
{'matches': [{'score': 100.0, 'matcher': '2-aho', 'end_line': 74664, 'rule_url': 'https://github.com/nexB/scancode-toolkit/tree/develop/src/licensedcode/data/rules/unicode_12.RULE', 'from_file': None, 'start_line': 74664, 'matched_text': 'Copyright (C) 2016 and later: Unicode, Inc. and others. License & terms of use: http://www.unicode.org/copyright.html', 'match_coverage': 100.0, 'matched_length': 10, 'rule_relevance': 100, 'rule_identifier': 'unicode_12.RULE', 'license_expression': 'unicode', 'license_expression_spdx': 'LicenseRef-scancode-unicode'}, {'score': 100.0, 'matcher': '2-aho', 'end_line': 74667, 'rule_url': 'https://github.com/nexB/scancode-toolkit/tree/develop/src/licensedcode/data/rules/unicode_12.RULE', 'from_file': None, 'start_line': 74667, 'matched_text': 'Copyright (C) 2016 and later: Unicode, Inc. and others. License & terms of use: http://www.unicode.org/copyright.html', 'match_coverage': 100.0, 'matched_length': 10, 'rule_relevance': 100, 'rule_identifier': 'unicode_12.RULE', 'license_expression': 'unicode', 'license_expression_spdx': 'LicenseRef-scancode-unicode'}, {'score': 100.0, 'matcher': '2-aho', 'end_line': 74670, 'rule_url': 'https://github.com/nexB/scancode-toolkit/tree/develop/src/licensedcode/data/rules/unicode_12.RULE', 'from_file': None, 'start_line': 74670, 'matched_text': 'Copyright (C) 2016 and later: Unicode, Inc. and others. License & terms of use: http://www.unicode.org/copyright.html', 'match_coverage': 100.0, 'matched_length': 10, 'rule_relevance': 100, 'rule_identifier': 'unicode_12.RULE', 'license_expression': 'unicode', 'license_expression_spdx': 'LicenseRef-scancode-unicode'}, {'score': 100.0, 'matcher': '2-aho', 'end_line': 74673, 'rule_url': 'https://github.com/nexB/scancode-toolkit/tree/develop/src/licensedcode/data/rules/unicode_12.RULE', 'from_file': None, 'start_line': 74673, 'matched_text': 'Copyright (C) 2016 and later: Unicode, Inc. and others. License & terms of use: http://www.unicode.org/copyright.html', 'match_coverage': 100.0, 'matched_length': 10, 'rule_relevance': 100, 'rule_identifier': 'unicode_12.RULE', 'license_expression': 'unicode', 'license_expression_spdx': 'LicenseRef-scancode-unicode'}, {'score': 100.0, 'matcher': '2-aho', 'end_line': 74676, 'rule_url': 'https://github.com/nexB/scancode-toolkit/tree/develop/src/licensedcode/data/rules/unicode_12.RULE', 'from_file': None, 'start_line': 74676, 'matched_text': 'Copyright (C) 2016 and later: Unicode, Inc. and others. License & terms of use: http://www.unicode.org/copyright.html', 'match_coverage': 100.0, 'matched_length': 10, 'rule_relevance': 100, 'rule_identifier': 'unicode_12.RULE', 'license_expression': 'unicode', 'license_expression_spdx': 'LicenseRef-scancode-unicode'}, {'score': 100.0, 'matcher': '2-aho', 'end_line': 74679, 'rule_url': 'https://github.com/nexB/scancode-toolkit/tree/develop/src/licensedcode/data/rules/unicode_12.RULE', 'from_file': None, 'start_line': 74679, 'matched_text': 'Copyright (C) 2016 and later: Unicode, Inc. and others. License & terms of use: http://www.unicode.org/copyright.html', 'match_coverage': 100.0, 'matched_length': 10, 'rule_relevance': 100, 'rule_identifier': 'unicode_12.RULE', 'license_expression': 'unicode', 'license_expression_spdx': 'LicenseRef-scancode-unicode'}, {'score': 100.0, 'matcher': '2-aho', 'end_line': 74682, 'rule_url': 'https://github.com/nexB/scancode-toolkit/tree/develop/src/licensedcode/data/rules/unicode_12.RULE', 'from_file': None, 'start_line': 74682, 'matched_text': 'Copyright (C) 2016 and later: Unicode, Inc. and others. License & terms of use: http://www.unicode.org/copyright.html', 'match_coverage': 100.0, 'matched_length': 10, 'rule_relevance': 100, 'rule_identifier': 'unicode_12.RULE', 'license_expression': 'unicode', 'license_expression_spdx': 'LicenseRef-scancode-unicode'}, {'score': 100.0, 'matcher': '2-aho', 'end_line': 74685, 'rule_url': 'https://github.com/nexB/scancode-toolkit/tree/develop/src/licensedcode/data/rules/unicode_12.RULE', 'from_file': None, 'start_line': 74685, 'matched_text': 'Copyright (C) 2016 and later: Unicode, Inc. and others. License & terms of use: http://www.unicode.org/copyright.html', 'match_coverage': 100.0, 'matched_length': 10, 'rule_relevance': 100, 'rule_identifier': 'unicode_12.RULE', 'license_expression': 'unicode', 'license_expression_spdx': 'LicenseRef-scancode-unicode'}, {'score': 100.0, 'matcher': '2-aho', 'end_line': 74688, 'rule_url': 'https://github.com/nexB/scancode-toolkit/tree/develop/src/licensedcode/data/rules/unicode_12.RULE', 'from_file': None, 'start_line': 74688, 'matched_text': 'Copyright (C) 2016 and later: Unicode, Inc. and others. License & terms of use: http://www.unicode.org/copyright.html', 'match_coverage': 100.0, 'matched_length': 10, 'rule_relevance': 100, 'rule_identifier': 'unicode_12.RULE', 'license_expression': 'unicode', 'license_expression_spdx': 'LicenseRef-scancode-unicode'}, {'score': 100.0, 'matcher': '2-aho', 'end_line': 74691, 'rule_url': 'https://github.com/nexB/scancode-toolkit/tree/develop/src/licensedcode/data/rules/unicode_12.RULE', 'from_file': None, 'start_line': 74691, 'matched_text': 'Copyright (C) 2016 and later: Unicode, Inc. and others. License & terms of use: http://www.unicode.org/copyright.html', 'match_coverage': 100.0, 'matched_length': 10, 'rule_relevance': 100, 'rule_identifier': 'unicode_12.RULE', 'license_expression': 'unicode', 'license_expression_spdx': 'LicenseRef-scancode-unicode'}, {'score': 100.0, 'matcher': '2-aho', 'end_line': 74694, 'rule_url': 'https://github.com/nexB/scancode-toolkit/tree/develop/src/licensedcode/data/rules/unicode_12.RULE', 'from_file': None, 'start_line': 74694, 'matched_text': 'Copyright (C) 2016 and later: Unicode, Inc. and others. License & terms of use: http://www.unicode.org/copyright.html', 'match_coverage': 100.0, 'matched_length': 10, 'rule_relevance': 100, 'rule_identifier': 'unicode_12.RULE', 'license_expression': 'unicode', 'license_expression_spdx': 'LicenseRef-scancode-unicode'}, {'score': 100.0, 'matcher': '2-aho', 'end_line': 74697, 'rule_url': 'https://github.com/nexB/scancode-toolkit/tree/develop/src/licensedcode/data/rules/unicode_12.RULE', 'from_file': None, 'start_line': 74697, 'matched_text': 'Copyright (C) 2016 and later: Unicode, Inc. and others. License & terms of use: http://www.unicode.org/copyright.html', 'match_coverage': 100.0, 'matched_length': 10, 'rule_relevance': 100, 'rule_identifier': 'unicode_12.RULE', 'license_expression': 'unicode', 'license_expression_spdx': 'LicenseRef-scancode-unicode'}], 'identifier': 'unicode-27d4c33f-9920-366d-33e3-abfbb75ff4bd', 'license_expression': 'unicode', 'license_expression_spdx': 'LicenseRef-scancode-unicode'}
{'matches': [{'score': 100.0, 'matcher': '2-aho', 'end_line': 75444, 'rule_url': 'https://github.com/nexB/scancode-toolkit/tree/develop/src/licensedcode/data/rules/unicode_12.RULE', 'from_file': None, 'start_line': 75444, 'matched_text': 'Copyright (C) 2016 and later: Unicode, Inc. and others. License & terms of use: http://www.unicode.org/copyright.html', 'match_coverage': 100.0, 'matched_length': 10, 'rule_relevance': 100, 'rule_identifier': 'unicode_12.RULE', 'license_expression': 'unicode', 'license_expression_spdx': 'LicenseRef-scancode-unicode'}, {'score': 100.0, 'matcher': '2-aho', 'end_line': 75447, 'rule_url': 'https://github.com/nexB/scancode-toolkit/tree/develop/src/licensedcode/data/rules/unicode_12.RULE', 'from_file': None, 'start_line': 75447, 'matched_text': 'Copyright (C) 2016 and later: Unicode, Inc. and others. License & terms of use: http://www.unicode.org/copyright.html', 'match_coverage': 100.0, 'matched_length': 10, 'rule_relevance': 100, 'rule_identifier': 'unicode_12.RULE', 'license_expression': 'unicode', 'license_expression_spdx': 'LicenseRef-scancode-unicode'}], 'identifier': 'unicode-52102b72-f4b4-ea26-8b70-13aca0e60eeb', 'license_expression': 'unicode', 'license_expression_spdx': 'LicenseRef-scancode-unicode'}
{'matches': [{'score': 100.0, 'matcher': '2-aho', 'end_line': 86626, 'rule_url': 'https://github.com/nexB/scancode-toolkit/tree/develop/src/licensedcode/data/rules/unicode_12.RULE', 'from_file': None, 'start_line': 86626, 'matched_text': 'Copyright (C) 2016 and later: Unicode, Inc. and others. License & terms of use: http://www.unicode.org/copyright.html', 'match_coverage': 100.0, 'matched_length': 10, 'rule_relevance': 100, 'rule_identifier': 'unicode_12.RULE', 'license_expression': 'unicode', 'license_expression_spdx': 'LicenseRef-scancode-unicode'}], 'identifier': 'unicode-18668cd9-1bb1-cf62-f6d1-2ce84aa23dd8', 'license_expression': 'unicode', 'license_expression_spdx': 'LicenseRef-scancode-unicode'}
{'matches': [{'score': 100.0, 'matcher': '2-aho', 'end_line': 98993, 'rule_url': 'https://github.com/nexB/scancode-toolkit/tree/develop/src/licensedcode/data/rules/unicode_12.RULE', 'from_file': None, 'start_line': 98993, 'matched_text': 'Copyright (C) 2016 and later: Unicode, Inc. and others. License & terms of use: http://www.unicode.org/copyright.html', 'match_coverage': 100.0, 'matched_length': 10, 'rule_relevance': 100, 'rule_identifier': 'unicode_12.RULE', 'license_expression': 'unicode', 'license_expression_spdx': 'LicenseRef-scancode-unicode'}], 'identifier': 'unicode-18668cd9-1bb1-cf62-f6d1-2ce84aa23dd8', 'license_expression': 'unicode', 'license_expression_spdx': 'LicenseRef-scancode-unicode'}
{'matches': [{'score': 100.0, 'matcher': '2-aho', 'end_line': 101261, 'rule_url': 'https://github.com/nexB/scancode-toolkit/tree/develop/src/licensedcode/data/rules/ngpl_10.RULE', 'from_file': None, 'start_line': 101261, 'matched_text': 'ngpl', 'match_coverage': 100.0, 'matched_length': 1, 'rule_relevance': 100, 'rule_identifier': 'ngpl_10.RULE', 'license_expression': 'ngpl', 'license_expression_spdx': 'NGPL'}], 'identifier': 'ngpl-d6c86b4d-d470-e8a4-f251-8cfd0cb4f6d7', 'license_expression': 'ngpl', 'license_expression_spdx': 'NGPL'}
{'matches': [{'score': 100.0, 'matcher': '2-aho', 'end_line': 114372, 'rule_url': 'https://github.com/nexB/scancode-toolkit/tree/develop/src/licensedcode/data/rules/unicode_12.RULE', 'from_file': None, 'start_line': 114372, 'matched_text': 'Copyright (C) 2016 and later: Unicode, Inc. and others. License & terms of use: http://www.unicode.org/copyright.html', 'match_coverage': 100.0, 'matched_length': 10, 'rule_relevance': 100, 'rule_identifier': 'unicode_12.RULE', 'license_expression': 'unicode', 'license_expression_spdx': 'LicenseRef-scancode-unicode'}, {'score': 100.0, 'matcher': '2-aho', 'end_line': 114375, 'rule_url': 'https://github.com/nexB/scancode-toolkit/tree/develop/src/licensedcode/data/rules/unicode_12.RULE', 'from_file': None, 'start_line': 114375, 'matched_text': 'Copyright (C) 2016 and later: Unicode, Inc. and others. License & terms of use: http://www.unicode.org/copyright.html', 'match_coverage': 100.0, 'matched_length': 10, 'rule_relevance': 100, 'rule_identifier': 'unicode_12.RULE', 'license_expression': 'unicode', 'license_expression_spdx': 'LicenseRef-scancode-unicode'}, {'score': 100.0, 'matcher': '2-aho', 'end_line': 114378, 'rule_url': 'https://github.com/nexB/scancode-toolkit/tree/develop/src/licensedcode/data/rules/unicode_12.RULE', 'from_file': None, 'start_line': 114378, 'matched_text': 'Copyright (C) 2016 and later: Unicode, Inc. and others. License & terms of use: http://www.unicode.org/copyright.html', 'match_coverage': 100.0, 'matched_length': 10, 'rule_relevance': 100, 'rule_identifier': 'unicode_12.RULE', 'license_expression': 'unicode', 'license_expression_spdx': 'LicenseRef-scancode-unicode'}, {'score': 100.0, 'matcher': '2-aho', 'end_line': 114381, 'rule_url': 'https://github.com/nexB/scancode-toolkit/tree/develop/src/licensedcode/data/rules/unicode_12.RULE', 'from_file': None, 'start_line': 114381, 'matched_text': 'Copyright (C) 2016 and later: Unicode, Inc. and others. License & terms of use: http://www.unicode.org/copyright.html', 'match_coverage': 100.0, 'matched_length': 10, 'rule_relevance': 100, 'rule_identifier': 'unicode_12.RULE', 'license_expression': 'unicode', 'license_expression_spdx': 'LicenseRef-scancode-unicode'}, {'score': 100.0, 'matcher': '2-aho', 'end_line': 114384, 'rule_url': 'https://github.com/nexB/scancode-toolkit/tree/develop/src/licensedcode/data/rules/unicode_12.RULE', 'from_file': None, 'start_line': 114384, 'matched_text': 'Copyright (C) 2016 and later: Unicode, Inc. and others. License & terms of use: http://www.unicode.org/copyright.html', 'match_coverage': 100.0, 'matched_length': 10, 'rule_relevance': 100, 'rule_identifier': 'unicode_12.RULE', 'license_expression': 'unicode', 'license_expression_spdx': 'LicenseRef-scancode-unicode'}, {'score': 100.0, 'matcher': '2-aho', 'end_line': 114387, 'rule_url': 'https://github.com/nexB/scancode-toolkit/tree/develop/src/licensedcode/data/rules/unicode_12.RULE', 'from_file': None, 'start_line': 114387, 'matched_text': 'Copyright (C) 2016 and later: Unicode, Inc. and others. License & terms of use: http://www.unicode.org/copyright.html', 'match_coverage': 100.0, 'matched_length': 10, 'rule_relevance': 100, 'rule_identifier': 'unicode_12.RULE', 'license_expression': 'unicode', 'license_expression_spdx': 'LicenseRef-scancode-unicode'}, {'score': 100.0, 'matcher': '2-aho', 'end_line': 114390, 'rule_url': 'https://github.com/nexB/scancode-toolkit/tree/develop/src/licensedcode/data/rules/unicode_12.RULE', 'from_file': None, 'start_line': 114390, 'matched_text': 'Copyright (C) 2016 and later: Unicode, Inc. and others. License & terms of use: http://www.unicode.org/copyright.html', 'match_coverage': 100.0, 'matched_length': 10, 'rule_relevance': 100, 'rule_identifier': 'unicode_12.RULE', 'license_expression': 'unicode', 'license_expression_spdx': 'LicenseRef-scancode-unicode'}, {'score': 100.0, 'matcher': '2-aho', 'end_line': 114393, 'rule_url': 'https://github.com/nexB/scancode-toolkit/tree/develop/src/licensedcode/data/rules/unicode_12.RULE', 'from_file': None, 'start_line': 114393, 'matched_text': 'Copyright (C) 2016 and later: Unicode, Inc. and others. License & terms of use: http://www.unicode.org/copyright.html', 'match_coverage': 100.0, 'matched_length': 10, 'rule_relevance': 100, 'rule_identifier': 'unicode_12.RULE', 'license_expression': 'unicode', 'license_expression_spdx': 'LicenseRef-scancode-unicode'}, {'score': 100.0, 'matcher': '2-aho', 'end_line': 114396, 'rule_url': 'https://github.com/nexB/scancode-toolkit/tree/develop/src/licensedcode/data/rules/unicode_12.RULE', 'from_file': None, 'start_line': 114396, 'matched_text': 'Copyright (C) 2016 and later: Unicode, Inc. and others. License & terms of use: http://www.unicode.org/copyright.html', 'match_coverage': 100.0, 'matched_length': 10, 'rule_relevance': 100, 'rule_identifier': 'unicode_12.RULE', 'license_expression': 'unicode', 'license_expression_spdx': 'LicenseRef-scancode-unicode'}, {'score': 100.0, 'matcher': '2-aho', 'end_line': 114399, 'rule_url': 'https://github.com/nexB/scancode-toolkit/tree/develop/src/licensedcode/data/rules/unicode_12.RULE', 'from_file': None, 'start_line': 114399, 'matched_text': 'Copyright (C) 2016 and later: Unicode, Inc. and others. License & terms of use: http://www.unicode.org/copyright.html', 'match_coverage': 100.0, 'matched_length': 10, 'rule_relevance': 100, 'rule_identifier': 'unicode_12.RULE', 'license_expression': 'unicode', 'license_expression_spdx': 'LicenseRef-scancode-unicode'}, {'score': 100.0, 'matcher': '2-aho', 'end_line': 114402, 'rule_url': 'https://github.com/nexB/scancode-toolkit/tree/develop/src/licensedcode/data/rules/unicode_12.RULE', 'from_file': None, 'start_line': 114402, 'matched_text': 'Copyright (C) 2016 and later: Unicode, Inc. and others. License & terms of use: http://www.unicode.org/copyright.html', 'match_coverage': 100.0, 'matched_length': 10, 'rule_relevance': 100, 'rule_identifier': 'unicode_12.RULE', 'license_expression': 'unicode', 'license_expression_spdx': 'LicenseRef-scancode-unicode'}], 'identifier': 'unicode-30ae612e-b74f-055d-03c7-b78c6be48ea5', 'license_expression': 'unicode', 'license_expression_spdx': 'LicenseRef-scancode-unicode'}
{'matches': [{'score': 100.0, 'matcher': '2-aho', 'end_line': 115216, 'rule_url': 'https://github.com/nexB/scancode-toolkit/tree/develop/src/licensedcode/data/rules/unicode_12.RULE', 'from_file': None, 'start_line': 115216, 'matched_text': 'Copyright (C) 2016 and later: Unicode, Inc. and others. License & terms of use: http://www.unicode.org/copyright.html', 'match_coverage': 100.0, 'matched_length': 10, 'rule_relevance': 100, 'rule_identifier': 'unicode_12.RULE', 'license_expression': 'unicode', 'license_expression_spdx': 'LicenseRef-scancode-unicode'}], 'identifier': 'unicode-18668cd9-1bb1-cf62-f6d1-2ce84aa23dd8', 'license_expression': 'unicode', 'license_expression_spdx': 'LicenseRef-scancode-unicode'}
{'matches': [{'score': 100.0, 'matcher': '2-aho', 'end_line': 131338, 'rule_url': 'https://github.com/nexB/scancode-toolkit/tree/develop/src/licensedcode/data/rules/mit_14.RULE', 'from_file': None, 'start_line': 131338, 'matched_text': 'Deno.core.init()dyn_import_done deno:core/core.js// Copyright 2018-2021 the Deno authors. All rights reserved. MIT license.', 'match_coverage': 100.0, 'matched_length': 2, 'rule_relevance': 100, 'rule_identifier': 'mit_14.RULE', 'license_expression': 'mit', 'license_expression_spdx': 'MIT'}], 'identifier': 'mit-9967e727-165e-9bb5-f090-7de5e47a3929', 'license_expression': 'mit', 'license_expression_spdx': 'MIT'}
{'matches': [{'score': 100.0, 'matcher': '2-aho', 'end_line': 131433, 'rule_url': 'https://github.com/nexB/scancode-toolkit/tree/develop/src/licensedcode/data/rules/mit_14.RULE', 'from_file': None, 'start_line': 131433, 'matched_text': 'deno:core/error.js// Copyright 2018-2021 the Deno authors. All rights reserved. MIT license.', 'match_coverage': 100.0, 'matched_length': 2, 'rule_relevance': 100, 'rule_identifier': 'mit_14.RULE', 'license_expression': 'mit', 'license_expression_spdx': 'MIT'}, {'score': 99.0, 'matcher': '2-aho', 'end_line': 131437, 'rule_url': 'https://github.com/nexB/scancode-toolkit/tree/develop/src/licensedcode/data/rules/bsd-new_1115.RULE', 'from_file': None, 'start_line': 131436, 'matched_text': '// Some of the code here is adapted directly from V8 and lice",,"0.07","warning","Copyright (c) 2016 Unicode, Inc. and others
Copyright 2018-2021 the Deno authors
(c) 2012 Entrust, Inc. - for
(c) 2009 Entrust, Inc. - for
(c) 1999 Entrust.net Limited1301 Entrust.net Certification
(c) 2006 Entrust
(c) 2015 Entrust, Inc. - for","Unicode, Inc. and others
the Deno authors
Entrust, Inc. - for
Entrust.net Limited1301 Entrust.net Certification
Entrust","<appro@openssl.org>",,"appro@openssl.org","https://post.naver.com/viewer/postView.nhnvolumeNomemberNo
https://post.naver.com/async/my.nhnfromNo$c/home/runner/work/sns-archive/sns-archive/sns-archive/src/xiaohongshu/mod.rsUnknown
https://www.xiaohongshu.com/discovery/item/?xhsshare=CopyLink
https://api.twitter.com/1.1/statuses/lookup.jsonRate
https://www.tiktok.com/@OkErr
https://weverse.io/home/runner/work/sns-archive/sns-archive/weverse/src/auth.rsurlkey
https://accountapi.weverse.io/api/v1/token/validateweverseBearer
https://accountapi.weverse.io/api/v1/token/refresh/home/runner/work/sns-archive/sns-archive/weverse/src/client.rs/home/runner/work/sns-archive/sns-archive/weverse/src/endpoint/community_id.rs/community/v1.0/communityIdUrlPathByUrlPathArtistCode?appId=&keyword=/home/runner/work/sns-archive/sns-archive/weverse/src/endpoint/artist_tab_posts.rs/home/runner/work/sns-archive/sns-archive/weverse/src/endpoint/me.rs/users/v1.0/users/me?appId=/home/runner/work/sns-archive/sns-archive/weverse/src/endpoint/moments.rs/member/v1.1/community-/artistMembers?appId=&fieldSet=artistMembersV1&language=en&platform=WEB&wpf=pc/home/runner/.cargo/registry/src/index.crates.io-6f17d22bba15001f/itertools-0.10.5/src/groupbylazy.rsMissing
https://post.naver.com/viewer/postView.nhn
https://www.tiktok.com/@OkErr/home/runner/.cargo/registry/src/index.crates.io-6f17d22bba15001f/reqwest-0.11.12/src/async_impl/response.rscharsetutf-8/home/runner/.cargo/registry/src/index.crates.io-6f17d22bba15001f/reqwest-0.11.12/src/lib.rshttps:/weverse.io/home/runner/work/sns-archive/sns-archive/weverse/src/auth.rsurlkey
https://wx2.sinaimg.cn/large/home/runner/work/sns-archive/sns-archive/weibo/src/weibo_post.rsCould
https://weibo.com/tv/api/component?page=data
https://m.weibo.cn/status/url
https://edith.xiaohongshu.com/api/sns/v4/note/user/posted
https://twitter.com/i/status/name
https://api.twitter.com/1.1/statuses/user_timeline.json.temp/home/runner/work/sns-archive/sns-archive/sns-archive/src/weverse/mod.rsDownloaded
https://weverse.io/home/runner/work/sns-archive/sns-archive/weverse/src/auth.rskey
https://global.apis.naver.com/rmcnmv/rmcnmv/vod/play/v2.0/.json/home/runner/work/sns-archive/sns-archive/weverse/src/endpoint/post.rsmp4data
https://snaptik.app/en/home/runner/work/sns-archive/sns-archive/tiktok/src/tiktok.rsinput
https://snaptik.app/abc2.php
https://global.apis.naver.com/rmcnmv/rmcnmv/vod/play/v2.0/home/runner/work/sns-archive/sns-archive/weverse/src/endpoint/post.rsjpgmp4id?fieldSet=postV1&appId=/home/runner/.cargo/registry/src/index.crates.io-6f17d22bba15001f/tokio-1.28.2/src/io/read_buf.rsPreContextPrevChunkNextChunkInvalidOffset/home/runner/.cargo/registry/src/index.crates.io-6f17d22bba15001f/tokio-1.28.2/src/io/util/write_all.rs
https://github.com/clap-rs/clap/issuesa
https://www.youtube.com/playlist?list=UU%5EERROR:The
https://global.apis.naver.com/weverse/wevwebsns-archive/weverse_logins/home/runner/.cargo/registry/src/index.crates.io-6f17d22bba15001f/lazy_static-1.4.0/src/inline_lazy.rssrc
https://weverse.io/enum
https://video.weibo.com/tv/show/https:/weibo.costruct
https://weibo.com/tv/show/?from=old_pc_videoshowstruct
https://passport.weibo.com/visitor/genvisitorhttps:/passport.weibo.com/visitor/visitorhttps:/weibo.com/ajax/statuses/mymblogstruct
https://www.tiktok.com/@/video/ItemModulestruct
http://www.unicode.org/copyright.html
https://github.com/v8/v8/blob/24886f2d1c565287d33d71e4109a53bf0b54b75c/LICENSE.v8
https://crbug.com/v8/8520
http://www.entrust.net/legal-terms1907
http://www.entrust.net/CPS_2048
http://www.entrust.net/CPS
http://www.ibm.com/data/dtd/v11/ibmxhtml1-transitional.dtd-/w3c/dtd
http://www.w3.org/1999/xlinkhttp:/www.w3.org/1998/Math/MathMLhttp:/www.w3.org/XML/1998/namespacehttp:/www.w3.org/2000/svghttp:/www.w3.org/2000/xmlns/http:/www.w3.org/1999/xhtml
https://github.com/clap-rs/clap/issues
https://github.com/clap-rs/clap/issues=-/home/runner/.cargo/registry/src/index.crates.io-6f17d22bba15001f/clap_builder-4.3.5/src/builder/arg.rsfalse
https://github.com/clap-rs/clap/issues/home/runner/.cargo/registry/src/index.crates.io-6f17d22bba15001f/clap_builder-4.3.5/src/parser/matches/matched_arg.rs
https://github.com/clap-rs/clap/issues/home/runner/.cargo/registry/src/index.crates.io-6f17d22bba15001f/clap_builder-4.3.5/src/builder/arg.rs/home/runner/.cargo/registry/src/index.crates.io-6f17d22bba15001f/clap_builder-4.3.5/src/util/flat_map.rs/home/runner/.cargo/registry/src/index.crates.io-6f17d22bba15001f/clap_builder-4.3.5/src/mkeymap.rsCOMMAND","The value of: license_detections has been truncated from: 33249 to 32767 length to fit in an XLSX cell maximum length
The value of: extra_data has been truncated from: 740453 to 32767 length to fit in an XLSX cell maximum length",
"ffmpeg-loudnorm-helper-v0.2.1 250117_112749","to/ffmpeg-lh","file","ffmpeg-lh","requires-review",,"to",,"752040","73d30068cfe3b48ce6f8886845399209","0e04663cca7a66cb411c8e78b565d817d2ead39a","a3ea8dc01acc9d49bc3e9ab7656118afd8ec8a4a994a9219ec8d9d019c18229b",,"application/x-pie-executable","ELF 64-bit LSB pie executable, x86-64, version 1 (SYSV), dynamically linked, interpreter /lib64/ld-linux-x86-64.so.2, BuildID[sha1]=065727c56fe6e64fea80cbc7b76e4a13d2b99bfe, for GNU/Linux 3.2.0, stripped",,"True",,,,,,,,,,,,,,,,,,,"elephanttalk@protonmail.com","https://github.com/clap-rs/clap/issues","rust_symbols: []
",
"octogit-2.2.0 250117_112749","to/octogit","file","octogit","requires-review",,"to",,"1022320","3e14168cd84948b3f99891b90c74388e","3a9bf0325537d5885c7ac4b1c747d059cf74d9d2","2f969343753ca2befc487ae8d90029b09702526b497c8956ef6deb3f2fafaa2c",,"application/x-pie-executable","ELF 64-bit LSB pie executable, x86-64, version 1 (SYSV), dynamically linked, interpreter /lib64/ld-linux-x86-64.so.2, BuildID[sha1]=6232dfde44aa4cd92147afafd8df1ce211a6787d, for GNU/Linux 3.2.0, stripped",,"True",,,,,,,,,,,,,,,,,,,,"https://github.com/clap-rs/clap/issues
https://github.com/clap-rs/clap/issues/home/runner/.cargo/registry/src/index.crates.io-6f17d22bba15001f/clap_builder-4.4.11/src/parser/arg_matcher.rs/home/runner/.cargo/registry/src/index.crates.io-6f17d22bba15001f/clap_builder-4.4.11/src/mkeymap.rs/home/runner/.cargo/registry/src/index.crates.io-6f17d22bba15001f/clap_builder-4.4.11/src/util/flat_map.rscalled
https://github.com/clap-rs/clap/issues/home/runner/.cargo/registry/src/index.crates.io-6f17d22bba15001f/clap_builder-4.4.11/src/builder/arg.rs
https://github.com/clap-rs/clap/issues/home/runner/.cargo/registry/src/index.crates.io-6f17d22bba15001f/clap_builder-4.4.11/src/parser/matches/matched_arg.rs/home/runner/.cargo/registry/src/index.crates.io-6f17d22bba15001f/clap_builder-4.4.11/src/output/textwrap/wrap_algorithms.rs
https://github.com/clap-rs/clap/issuescalled","rust_symbols: []
",
"Imgcatr-v0.1.4 250117_112749","to/imgcatr","file","imgcatr","requires-review",,"to",,"2775416","10ccf47e492022c9b131d01a55aee3ac","44e0cfe789c482f3fd56acea1023b56758c6746e","3c398126555442b22ba8107d294752206ef6c09136d7b09eb1d92426ccb02ff6",,"application/x-pie-executable","ELF 64-bit LSB pie executable, x86-64, version 1 (SYSV), dynamically linked, interpreter /lib64/ld-linux-x86-64.so.2, BuildID[sha1]=b0b42219d1897814b68c423572416a375d5740d1, for GNU/Linux 3.2.0, stripped",,"True",,,,,,,,,,,,,,,,,,,"silinmeng@gmail.com","https://github.com/clap-rs/clap/issues/home/runner/.cargo/registry/src/index.crates.io-6f17d22bba15001f/clap_builder-4.4.12/src/parser/matches/arg_matches.rsassertion
https://github.com/clap-rs/clap/issues
https://github.com/clap-rs/clap/issues/home/runner/.cargo/registry/src/index.crates.io-6f17d22bba15001f/clap_builder-4.4.12/src/builder/arg.rs
https://github.com/clap-rs/clap/issues/home/runner/.cargo/registry/src/index.crates.io-6f17d22bba15001f/clap_builder-4.4.12/src/parser/matches/matched_arg.rs
https://github.com/clap-rs/clap/issues/home/runner/.cargo/registry/src/index.crates.io-6f17d22bba15001f/clap_builder-4.4.12/src/parser/arg_matcher.rs/home/runner/.cargo/registry/src/index.crates.io-6f17d22bba15001f/clap_builder-4.4.12/src/util/flat_map.rscalled
https://github.com/clap-rs/clap/issuescalled","rust_symbols: []
",
"dns_probe-v0.1.4 250117_112749","to/dns_probe_frontend","file","dns_probe_frontend","requires-review",,"to",,"9925984","217feb775fac86f6e66d344bf5b97ae2","5c1a4fac51c99a26ba20d8daeaaab9ea1805d5de","c7126e6e002625998ffa0436a5c6e5cdb0b9ee6c7a63cf086492fe1e5c774626",,"application/x-pie-executable","ELF 64-bit LSB pie executable, x86-64, version 1 (SYSV), dynamically linked, not stripped",,"True",,,,,,,,,,,,,,,,,"<appro@openssl.org>",,"appro@openssl.org","https://github.com/clap-rs/clap/issuesrequest
https://bgp.tools/prefix/
https://github.com/zaczh/dns_probe
https://docs.rs/rustls/latest/rustls/manual/_03_howto/index.html#unexpected-eofoperation
https://docs.rs/getrandom#nodejs-es-module-supportinternal_codedescriptionunknown_codeos_errorUnknown
https://github.com/clap-rs/clap/issues
https://github.com/clap-rs/clap/issues/cargo/registry/src/index.crates.io-6f17d22bba15001f/clap_builder-4.5.23/src/parser/matches/matched_arg.rs
https://github.com/clap-rs/clap/issues/cargo/registry/src/index.crates.io-6f17d22bba15001f/clap_builder-4.5.23/src/parser/validator.rs/cargo/registry/src/index.crates.io-6f17d22bba15001f/clap_builder-4.5.23/src/util/flat_map.rs
https://github.com/clap-rs/clap/issues/cargo/registry/src/index.crates.io-6f17d22bba15001f/clap_builder-4.5.23/src/parser/arg_matcher.rs
https://github.com/clap-rs/clap/issues=-/cargo/registry/src/index.crates.io-6f17d22bba15001f/clap_builder-4.5.23/src/builder/arg.rsfalse--/cargo/registry/src/index.crates.io-6f17d22bba15001f/clap_builder-4.5.23/src/parser/matches/arg_matches.rsFatal","The value of: extra_data has been truncated from: 88570 to 32767 length to fit in an XLSX cell maximum length",
"dns_probe-v0.1.4 250117_112749","to/dns_probe_resolver","file","dns_probe_resolver","requires-review",,"to",,"3401704","5664a620748eae3cdf4aede809d9e50c","8f1d76651eed6ff845e7b9f1ec9e3e5a05edc7a3","5bf66ac8e11d4e35d9227d3cb1f0af2121687cb5695210e846c300c52504d2ef",,"application/x-pie-executable","ELF 64-bit LSB pie executable, x86-64, version 1 (SYSV), dynamically linked, not stripped",,"True",,,,,,,,,,,,,,,,,,,,"https://github.com/clap-rs/clap/issues%60Extensions
https://github.com/clap-rs/clap/issues
https://github.com/clap-rs/clap/issues/cargo/registry/src/index.crates.io-6f17d22bba15001f/clap_builder-4.5.23/src/parser/matches/matched_arg.rs
https://github.com/clap-rs/clap/issues/cargo/registry/src/index.crates.io-6f17d22bba15001f/clap_builder-4.5.23/src/parser/validator.rs/cargo/registry/src/index.crates.io-6f17d22bba15001f/clap_builder-4.5.23/src/util/flat_map.rs
https://github.com/clap-rs/clap/issues/cargo/registry/src/index.crates.io-6f17d22bba15001f/clap_builder-4.5.23/src/parser/arg_matcher.rs
https://github.com/clap-rs/clap/issues=-/cargo/registry/src/index.crates.io-6f17d22bba15001f/clap_builder-4.5.23/src/builder/arg.rsfalse--/cargo/registry/src/index.crates.io-6f17d22bba15001f/clap_builder-4.5.23/src/parser/matches/arg_matches.rsFatal","The value of: extra_data has been truncated from: 40574 to 32767 length to fit in an XLSX cell maximum length",
"cargo-chef-v0.1.70 250117_112749","to/cargo-chef","file","cargo-chef","requires-review",,"to",,"6544408","ded9e68bfc80468fdc0b0981b07d6366","a0032bb314ceb1bf9407e82ffad84e2722bb0ebd","b94640f325904fb1daf99212f3dc14ddd5d912cf23e003b04bf6994bce0bedc2",,"application/x-pie-executable","ELF 64-bit LSB pie executable, x86-64, version 1 (SYSV), dynamically linked, not stripped",,"True",,,,,,,,,,,,,,,,,,,"rust@lpalmieri.com","https://github.com/clap-rs/clap/issues/cargo/registry/src/index.crates.io-6f17d22bba15001f/clap_builder-4.5.0/src/parser/matches/arg_matches.rs/rustc/90b35a6239c3d8bdabc530a6a0816f7ff89a0aaf/library/core/src/ops/function.rsinternal
https://github.com/clap-rs/clap/issues
https://github.com/clap-rs/clap/issues/cargo/registry/src/index.crates.io-6f17d22bba15001f/clap_builder-4.5.0/src/parser/matches/matched_arg.rs
https://github.com/clap-rs/clap/issues/cargo/registry/src/index.crates.io-6f17d22bba15001f/clap_builder-4.5.0/src/mkeymap.rsCOMMAND
https://github.com/clap-rs/clap/issues/cargo/registry/src/index.crates.io-6f17d22bba15001f/clap_builder-4.5.0/src/parser/arg_matcher.rsMismatch
https://github.com/clap-rs/clap/issues/cargo/registry/src/index.crates.io-6f17d22bba15001f/clap_builder-4.5.0/src/builder/arg.rs/cargo/registry/src/index.crates.io-6f17d22bba15001f/clap_builder-4.5.0/src/util/graph.rs
https://github.com/clap-rs/clap/issues=-/cargo/registry/src/index.crates.io-6f17d22bba15001f/clap_builder-4.5.0/src/builder/arg.rsfalse","The value of: extra_data has been truncated from: 45966 to 32767 length to fit in an XLSX cell maximum length",
"md5rs-client-v0.1.3 250117_112749","to/md5rs-client","file","md5rs-client","requires-review",,"to",,"9328024","990fb52ca521e822f0355e5e88da502a","00298db36f86a94804d3623c0f4dfbc00003b1c3","1791563ac5c11c65216aed537a8522ad7e1e947b8b2dcc1be111bd95914f30e7",,"application/x-pie-executable","ELF 64-bit LSB pie executable, x86-64, version 1 (SYSV), dynamically linked, interpreter /lib64/ld-linux-x86-64.so.2, BuildID[sha1]=df9ac62e7b6d00b23cc3d54160a8246c4ccad660, for GNU/Linux 3.2.0, stripped",,"True",,,,,,,,,,,,,,,,,"<appro@openssl.org>
<appro@openssl.org> zPLR GCC Ubuntu",,"appro@openssl.org","https://github.com/clap-rs/clap/issues
https://docs.rs/getrandom#nodejs-es-module-supportUnknown
https://docs.rs/rustls/latest/rustls/manual/_03_howto/index.html#unexpected-eoffailed","rust_symbols: []
",
"kingwingfly-gpt-v0.0.6 250117_112749","to/gpt_cli","file","gpt_cli","requires-review",,"to",,"3390664","0f010cbc8f5bdc11571926e38c6e8dd4","ca9c2cd829a46f03d5d048ac26aefb938f6a016f","313ccdff688f7004bea050438d542823dcedbc0a15e195e617fe8f0a3cc9dab8",,"application/x-pie-executable","ELF 64-bit LSB pie executable, x86-64, version 1 (SYSV), dynamically linked, interpreter /lib64/ld-linux-x86-64.so.2, BuildID[sha1]=9555fabe65d56d4a9d09e033eaa168bc7063e36e, for GNU/Linux 3.2.0, not stripped",,"True",,,,,,,,,,,,,,,,,,,"836250617@qq.com","https://github.com/clap-rs/clap/issues
https://docs.rs/getrandom#nodejs-es-module-supportUnknown
https://api.openai.com/v1/chat/completionsgpt_core/src/config.rsCannot","The value of: extra_data has been truncated from: 34485 to 32767 length to fit in an XLSX cell maximum length",
"csync-v0.4.0 250117_112749","to/csync","file","csync","requires-review",,"to",,"2091408","a50a0b51359e497afccdaad0ecb122fa","868e15e7a9fa877e9a2a91cea60a13c88372f282","9ed14ec6bc3add0106cb111ae8c19676403216d7d4f7e52d63c12e07c6587f8a",,"application/x-pie-executable","ELF 64-bit LSB pie executable, x86-64, version 1 (SYSV), dynamically linked, stripped",,"True",,,,,,,,,,,,,,,,,,,,"https://github.com/clap-rs/clap/issuesSendErrorunknown
https://docs.rs/getrandom#nodejs-es-module-supportinternal_codedescriptionunknown_codeUnknown","rust_symbols: []
",
"zrtstr-v0.2.0 250117_112749","to/zrtstr","file","zrtstr","requires-review",,"to",,"801160","651dff69f71851a2ca8369b379d9d943","2ec48b299299f741d3d79c5f6d1ee68c687a60c8","fc7b15c79984c66a828a84dd8aff9ae3d908679379d788942637b2789e3c8d67",,"application/x-pie-executable","ELF 64-bit LSB pie executable, x86-64, version 1 (SYSV), dynamically linked, interpreter /lib64/ld-linux-x86-64.so.2, BuildID[sha1]=89de95a7349fca849b32f1a5c408cff652132b05, for GNU/Linux 3.2.0, stripped",,"True",,,,,,,,,"gpl-2.0-plus AND gpl-3.0-plus AND mit","GPL-2.0-or-later AND GPL-3.0-or-later AND MIT","{'matches': [{'score': 50.0, 'matcher': '2-aho', 'end_line': 1257, 'rule_url': 'https://github.com/nexB/scancode-toolkit/tree/develop/src/licensedcode/data/rules/license-intro_2.RULE', 'from_file': None, 'start_line': 1257, 'matched_text': 'attempt to divide by zeromissing fmt chunkno RIFF tag foundno WAVE tag foundinvalid fmt chunk sizesample bits exceeds size of sampleinconsistent fmt chunkbits per sample is not a multiple of 8bits per sample is 0file contains zero channelsunexpected fmt chunk sizebits per sample is not 8 or 16unexpected WAVEFORMATEXTENSIBLE sizeunexpected WAVEFORMATEX sizebits per sample is not 32data chunk length is not a multiple of sample sizeinvalid data chunk length/home/runner/.cargo/registry/src/index.crates.io-6f17d22bba15001f/hound-3.5.0/src/write.rsInvalid number of bits per sample. When writing SampleFormat::Float, bits_per_sample must be 32.zrtstr licensed under GNU General Public License version 2 or later;', 'match_coverage': 100.0, 'matched_length': 2, 'rule_relevance': 50, 'rule_identifier': 'license-intro_2.RULE', 'license_expression': 'unknown-license-reference', 'license_expression_spdx': 'LicenseRef-scancode-unknown-license-reference'}, {'score': 100.0, 'matcher': '2-aho', 'end_line': 1257, 'rule_url': 'https://github.com/nexB/scancode-toolkit/tree/develop/src/licensedcode/data/rules/gpl-2.0-plus_541.RULE', 'from_file': None, 'start_line': 1257, 'matched_text': 'attempt to divide by zeromissing fmt chunkno RIFF tag foundno WAVE tag foundinvalid fmt chunk sizesample bits exceeds size of sampleinconsistent fmt chunkbits per sample is not a multiple of 8bits per sample is 0file contains zero channelsunexpected fmt chunk sizebits per sample is not 8 or 16unexpected WAVEFORMATEXTENSIBLE sizeunexpected WAVEFORMATEX sizebits per sample is not 32data chunk length is not a multiple of sample sizeinvalid data chunk length/home/runner/.cargo/registry/src/index.crates.io-6f17d22bba15001f/hound-3.5.0/src/write.rsInvalid number of bits per sample. When writing SampleFormat::Float, bits_per_sample must be 32.zrtstr licensed under GNU General Public License version 2 or later;', 'match_coverage': 100.0, 'matched_length': 8, 'rule_relevance': 100, 'rule_identifier': 'gpl-2.0-plus_541.RULE', 'license_expression': 'gpl-2.0-plus', 'license_expression_spdx': 'GPL-2.0-or-later'}, {'score': 82.35, 'matcher': '3-seq', 'end_line': 1260, 'rule_url': 'https://github.com/nexB/scancode-toolkit/tree/develop/src/licensedcode/data/rules/gpl-3.0-plus_21.RULE', 'from_file': None, 'start_line': 1258, 'matched_text': 'Full License available at <http://gnu.org/licenses/gpl.html>.\nThis is free software: you are free to change and redistribute it.\nThere is NO WARRANTY, to the extent permitted by law.zrtstrKirill I. <elephanttalk@protonmail.com>0.2.0Check stereo WAV-file for identical channels, detecting faux-stereo files generated by some audio-editing software and DAWs.', 'match_coverage': 82.35, 'matched_length': 28, 'rule_relevance': 100, 'rule_identifier': 'gpl-3.0-plus_21.RULE', 'license_expression': 'gpl-3.0-plus', 'license_expression_spdx': 'GPL-3.0-or-later'}, {'score': 100.0, 'matcher': '2-aho', 'end_line': 1264, 'rule_url': 'https://github.com/nexB/scancode-toolkit/tree/develop/src/licensedcode/data/rules/mit_143.RULE', 'from_file': None, 'start_line': 1263, 'matched_text': 'clap (Command Line Argument Parser) License:\nThe MIT License (MIT)', 'match_coverage': 100.0, 'matched_length': 5, 'rule_relevance': 100, 'rule_identifier': 'mit_143.RULE', 'license_expression': 'mit', 'license_expression_spdx': 'MIT'}, {'score': 100.0, 'matcher': '2-aho', 'end_line': 1280, 'rule_url': 'https://github.com/nexB/scancode-toolkit/tree/develop/src/licensedcode/data/licenses/mit.LICENSE', 'from_file': None, 'start_line': 1266, 'matched_text': 'Permission is hereby granted, free of charge, to any person obtaining a copy\nof this software and associated documentation files (the ""Software""), to deal\nin the Software without restriction, including without limitation the rights\nto use, copy, modify, merge, publish, distribute, sublicense, and/or sell\ncopies of the Software, and to permit persons to whom the Software is\nfurnished to do so, subject to the following conditions:\nThe above copyright notice and this permission notice shall be included in all\ncopies or substantial portions of the Software.\nTHE SOFTWARE IS PROVIDED ""AS IS"", WITHOUT WARRANTY OF ANY KIND, EXPRESS OR\nIMPLIED, INCLUDING BUT NOT LIMITED TO THE WARRANTIES OF MERCHANTABILITY,\nFITNESS FOR A PARTICULAR PURPOSE AND NONINFRINGEMENT. IN NO EVENT SHALL THE\nAUTHORS OR COPYRIGHT HOLDERS BE LIABLE FOR ANY CLAIM, DAMAGES OR OTHER\nLIABILITY, WHETHER IN AN ACTION OF CONTRACT, TORT OR OTHERWISE, ARISING FROM,\nOUT OF OR IN CONNECTION WITH THE SOFTWARE OR THE USE OR OTHER DEALINGS IN THE\nSOFTWARE.', 'match_coverage': 100.0, 'matched_length': 161, 'rule_relevance': 100, 'rule_identifier': 'mit.LICENSE', 'license_expression': 'mit', 'license_expression_spdx': 'MIT'}], 'identifier': 'gpl_2_0_plus_and_gpl_3_0_plus_and_mit-a0d72d2e-99d2-6054-8c35-47cf1b3301b4', 'license_expression': 'gpl-2.0-plus AND gpl-3.0-plus AND mit', 'license_expression_spdx': 'GPL-2.0-or-later AND GPL-3.0-or-later AND MIT'}",,"4.62","error","Copyright (c) 2015-2016 Kevin B. Knapp","Kevin B. Knapp",,,"elephanttalk@protonmail.com","http://gnu.org/licenses/gpl.html
https://github.com/clap-rs/clap/issues/home/runner/.cargo/registry/src/index.crates.io-6f17d22bba15001f/clap_builder-4.2.4/src/builder/arg.rs","rust_symbols: []
",
"qdrant-v1.12.6 250117_112749","to/qdrant","file","qdrant","requires-review",,"to",,"74701808","4468af21cf95e71be9b4dd9096cd4881","66c5b6b70897e338bf2a6ae9fd5c1cb138de78a4","58900283b8d37b0cb7076b9ad66001957c072b9136f456b3a1833715b7c19ddc",,"application/x-pie-executable","ELF 64-bit LSB pie executable, x86-64, version 1 (SYSV), dynamically linked, not stripped",,"True",,,,,,,,,"apache-2.0","Apache-2.0","{'matches': [{'score': 100.0, 'matcher': '2-aho', 'end_line': 92243, 'rule_url': 'https://github.com/nexB/scancode-toolkit/tree/develop/src/licensedcode/data/rules/apache-2.0_7.RULE', 'from_file': None, 'start_line': 92235, 'matched_text': 'Licensed under the Apache License, Version 2.0 (the ""License"");\nyou may not use this file except in compliance with the License.\nYou may obtain a copy of the License at\nhttp://www.apache.org/licenses/LICENSE-2.0\nUnless required by applicable law or agreed to in writing, software\ndistributed under the License is distributed on an ""AS IS"" BASIS,\nWITHOUT WARRANTIES OR CONDITIONS OF ANY KIND, either express or implied.\nSee the License for the specific language governing permissions and\nlimitations under the License.', 'match_coverage': 100.0, 'matched_length': 85, 'rule_relevance': 100, 'rule_identifier': 'apache-2.0_7.RULE', 'license_expression': 'apache-2.0', 'license_expression_spdx': 'Apache-2.0'}], 'identifier': 'apache_2_0-c4e30bcd-ccfd-bbc3-d2f1-196ab911e47d', 'license_expression': 'apache-2.0', 'license_expression_spdx': 'Apache-2.0'}",,"0.01","ok","Copyright 2008 Google Inc.
(c) 2012 Entrust, Inc. - for
(c) 2009 Entrust, Inc. - for
(c) 1999 Entrust.net Limited1301 Entrust.net Certification
(c) 2006 Entrust
(c) 2015 Entrust, Inc. - for
Copyright 2016 gRPC","Google Inc.
Entrust, Inc. - for
Entrust.net Limited1301 Entrust.net Certification
Entrust
gRPC","<appro@openssl.org>",,"appro@openssl.org
lA@.lAv.lA","https://qdrant.tech/articles/io_uring/#and-what-about-qdrant
https://github.com/google-research/google-research/blob/master/scann/docs/algorithms.md
https://qdrant.tech/documentation/guides/distributed_deployment/#shard-transfer-method
https://qdrant.tech/documentation/guides/quantization
https://developer.mozilla.org/en-US/docs/Web/HTTP/CORS
https://qdrant.tech/documentation/guides/telemetry
https://github.com/grpc/grpc/blob/master/doc/health-checking.md#service-definition
https://developers.google.com/protocol-buffers/
https://developers.google.com/time/smear
https://www.ietf.org/rfc/rfc3339.txt
https://developer.mozilla.org/en-US/docs/Web/JavaScript/Reference/Global_Objects/Date/toISOString
https://docs.python.org/2/library/time.html#time.strftime
http://joda-time.sourceforge.net/apidocs/org/joda/time/format/ISODateTimeFormat.html#dateTime
https://qdrant.tech/documentation/guides/administration/#recovery-modeCan
https://www.world/
http://www.in/
http://www.w3.org/shortcut
http://www.style/
https://github.com/clap-rs/clap/issues
https://docs.rs/getrandom#nodejs-es-module-supportinternal_codeunknown_codeUnknown
http://s3.amazonaws.com/doc/2006-03-01/Content-MD5application/xmlObjectx-amz-copy-source-server-side-encryption-customer-algorithmx-amz-copy-source-server-side-encryption-customer-keyx-amz-copy-source-server-side-encryption-customer-key-MD5x-amz-checksum-algorithmuploadspartNumber
http://www.entrust.net/legal-terms1907
http://www.entrust.net/CPS_2048
http://www.entrust.net/CPS
https://docs.rs/rustls/latest/rustls/manual/_03_howto/index.html#unexpected-eoffailed
https://qdrant.tech/documentation/concepts/indexing/#payload-index
https://qdrant.tech/documentation/concepts/filtering/#filtering-conditionsdata
http://www.apache.org/licenses/LICENSE-2.0
https://gcc.gnu.org/bugs","The value of: extra_data has been truncated from: 390229 to 32767 length to fit in an XLSX cell maximum length",
"boa-v0.20 250117_112749","to/boa-linux-amd64","file","boa-linux-amd64","requires-review",,"to",,"28291176","a352e28ab4d540608628c143eeb02629","05b8e8566b282a27868306c68b04b75d5f63a4da","9dff0bf942ab01cef2bc1bca1383c9c5a16498646485146c3f607b1a6494c5c2",,"application/x-pie-executable","ELF 64-bit LSB pie executable, x86-64, version 1 (SYSV), dynamically linked, interpreter /lib64/ld-linux-x86-64.so.2, BuildID[sha1]=c6791d05d5ca6fad0099054f31ea72d547534fb1, for GNU/Linux 3.2.0, stripped",,"True",,,,,,,,,,,,,,,,,,,,"https://graphviz.org/
https://mermaid-js.github.io/mermaid/
https://github.com/clap-rs/clap/issues
https://docs.rs/getrandom#nodejs-es-module-supportinternal_codedescriptionunknown_codeUnknown","rust_symbols: []
",
"fishnet-v2.9.4 250117_112749","to/fishnet-x86_64-unknown-linux-musl","file","fishnet-x86_64-unknown-linux-musl","requires-review",,"to",,"74535760","1c7318c44b46e8b2bf9b79efa3852d49","0c1194b0f81b9af0211ad9443adc190eea9fc108","fccbd029abd4942f7365167c289be31cc21115693b02e1cab426b20292f68bb1",,"application/x-pie-executable","ELF 64-bit LSB pie executable, x86-64, version 1 (SYSV), dynamically linked, BuildID[sha1]=1a5c1dbaa6ff8b3f9005cf1593517bc8e45fa0da, stripped",,"True",,,,,,,,,"(gpl-3.0 AND gpl-2.0 AND unknown-license-reference) AND gpl-3.0 AND epl-1.0","(GPL-3.0-only AND GPL-2.0-only AND LicenseRef-scancode-unknown-license-reference) AND GPL-3.0-only AND EPL-1.0","{'matches': [{'score': 100.0, 'matcher': '2-aho', 'end_line': 7968, 'rule_url': 'https://github.com/nexB/scancode-toolkit/tree/develop/src/licensedcode/data/rules/gpl-3.0_204.RULE', 'from_file': None, 'start_line': 7416, 'matched_text': 'LICENSE.txt                    GNU GENERAL PUBLIC LICENSE\nVersion 3, 29 June 2007\nCopyright (C) 2007 Free Software Foundation, Inc. <http://fsf.org/>\nEveryone is permitted to copy and distribute verbatim copies\nof this license document, but changing it is not allowed.\nPreamble\nThe GNU General Public License is a free, copyleft license for\nsoftware and other kinds of works.\nThe licenses for most software and other practical works are designed\nto take away your freedom to share and change the works.  By contrast,\nthe GNU General Public License is intended to guarantee your freedom to\nshare and change all versions of a program--to make sure it remains free\nsoftware for all its users.  We, the Free Software Foundation, use the\nGNU General Public License for most of our software; it applies also to\nany other work released this way by its authors.  You can apply it to\nyour programs, too.\nWhen we speak of free software, we are referring to freedom, not\nprice.  Our General Public Licenses are designed to make sure that you\nhave the freedom to distribute copies of free software (and charge for\nthem if you wish), that you receive source code or can get it if you\nwant it, that you can change the software or use pieces of it in new\nfree programs, and that you know you can do these things.\nTo protect your rights, we need to prevent others from denying you\nthese rights or asking you to surrender the rights.  Therefore, you have\ncertain responsibilities if you distribute copies of the software, or if\nyou modify it: responsibilities to respect the freedom of others.\nFor example, if you distribute copies of such a program, whether\ngratis or for a fee, you must pass on to the recipients the same\nfreedoms that you received.  You must make sure that they, too, receive\nor can get the source code.  And you must show them these terms so they\nknow their rights.\nDevelopers that use the GNU GPL protect your rights with two steps:\n(1) assert copyright on the software, and (2) offer you this License\ngiving you legal permission to copy, distribute and/or modify it.\nFor the developers\' and authors\' protection, the GPL clearly explains\nthat there is no warranty for this free software.  For both users\' and\nauthors\' sake, the GPL requires that modified versions be marked as\nchanged, so that their problems will not be attributed erroneously to\nauthors of previous versions.\nSome devices are designed to deny users access to install or run\nmodified versions of the software inside them, although the manufacturer\ncan do so.  This is fundamentally incompatible with the aim of\nprotecting users\' freedom to change the software.  The systematic\npattern of such abuse occurs in the area of products for individuals to\nuse, which is precisely where it is most unacceptable.  Therefore, we\nhave designed this version of the GPL to prohibit the practice for those\nproducts.  If such problems arise substantially in other domains, we\nstand ready to extend this provision to those domains in future versions\nof the GPL, as needed to protect the freedom of users.\nFinally, every program is threatened constantly by software patents.\nStates should not allow patents to restrict development and use of\nsoftware on general-purpose computers, but in those that do, we wish to\navoid the special danger that patents applied to a free program could\nmake it effectively proprietary.  To prevent this, the GPL assures that\npatents cannot be used to render the program non-free.\nThe precise terms and conditions for copying, distribution and\nmodification follow.\nTERMS AND CONDITIONS\n0. Definitions.\n""This License"" refers to version 3 of the GNU General Public License.\n""Copyright"" also means copyright-like laws that apply to other kinds of\nworks, such as semiconductor masks.\n""The Program"" refers to any copyrightable work licensed under this\nLicense.  Each licensee is addressed as ""you"".  ""Licensees"" and\n""recipients"" may be individuals or organizations.\nTo ""modify"" a work means to copy from or adapt all or part of the work\nin a fashion requiring copyright permission, other than the making of an\nexact copy.  The resulting work is called a ""modified version"" of the\nearlier work or a work ""based on"" the earlier work.\nA ""covered work"" means either the unmodified Program or a work based\non the Program.\nTo ""propagate"" a work means to do anything with it that, without\npermission, would make you directly or secondarily liable for\ninfringement under applicable copyright law, except executing it on a\ncomputer or modifying a private copy.  Propagation includes copying,\ndistribution (with or without modification), making available to the\npublic, and in some countries other activities as well.\nTo ""convey"" a work means any kind of propagation that enables other\nparties to make or receive copies.  Mere interaction with a user through\na computer network, with no transfer of a copy, is not conveying.\nAn interactive user interface displays ""Appropriate Legal Notices""\nto the extent that it includes a convenient and prominently visible\nfeature that (1) displays an appropriate copyright notice, and (2)\ntells the user that there is no warranty for the work (except to the\nextent that warranties are provided), that licensees may convey the\nwork under this License, and how to view a copy of this License.  If\nthe interface presents a list of user commands or options, such as a\nmenu, a prominent item in the list meets this criterion.\n1. Source Code.\nThe ""source code"" for a work means the preferred form of the work\nfor making modifications to it.  ""Object code"" means any non-source\nform of a work.\nA ""Standard Interface"" means an interface that either is an official\nstandard defined by a recognized standards body, or, in the case of\ninterfaces specified for a particular programming language, one that\nis widely used among developers working in that language.\nThe ""System Libraries"" of an executable work include anything, other\nthan the work as a whole, that (a) is included in the normal form of\npackaging a Major Component, but which is not part of that Major\nComponent, and (b) serves only to enable use of the work with that\nMajor Component, or to implement a Standard Interface for which an\nimplementation is available to the public in source code form.  A\n""Major Component"", in this context, means a major essential component\n(kernel, window system, and so on) of the specific operating system\n(if any) on which the executable work runs, or a compiler used to\nproduce the work, or an object code interpreter used to run it.\nThe ""Corresponding Source"" for a work in object code form means all\nthe source code needed to generate, install, and (for an executable\nwork) run the object code and to modify the work, including scripts to\ncontrol those activities.  However, it does not include the work\'s\nSystem Libraries, or general-purpose tools or generally available free\nprograms which are used unmodified in performing those activities but\nwhich are not part of the work.  For example, Corresponding Source\nincludes interface definition files associated with source files for\nthe work, and the source code for shared libraries and dynamically\nlinked subprograms that the work is specifically designed to require,\nsuch as by intimate data communication or control flow between those\nsubprograms and other parts of the work.\nThe Corresponding Source need not include anything that users\ncan regenerate automatically from other parts of the Corresponding\nSource.\nThe Corresponding Source for a work in source code form is that\nsame work.\n2. Basic Permissions.\nAll rights granted under this License are granted for the term of\ncopyright on the Program, and are irrevocable provided the stated\nconditions are met.  This License explicitly affirms your unlimited\npermission to run the unmodified Program.  The output from running a\ncovered work is covered by this License only if the output, given its\ncontent, constitutes a covered work.  This License acknowledges your\nrights of fair use or other equivalent, as provided by copyright law.\nYou may make, run and propagate covered works that you do not\nconvey, without conditions so long as your license otherwise remains\nin force.  You may convey covered works to others for the sole purpose\nof having them make modifications exclusively for you, or provide you\nwith facilities for running those works, provided that you comply with\nthe terms of this License in conveying all material for which you do\nnot control copyright.  Those thus making or running the covered works\nfor you must do so exclusively on your behalf, under your direction\nand control, on terms that prohibit them from making any copies of\nyour copyrighted material outside their relationship with you.\nConveying under any other circumstances is permitted solely under\nthe conditions stated below.  Sublicensing is not allowed; section 10\nmakes it unnecessary.\n3. Protecting Users\' Legal Rights From Anti-Circumvention Law.\nNo covered work shall be deemed part of an effective technological\nmeasure under any applicable law fulfilling obligations under article\n11 of the WIPO copyright treaty adopted on 20 December 1996, or\nsimilar laws prohibiting or restricting circumvention of such\nmeasures.\nWhen you convey a covered work, you waive any legal power to forbid\ncircumvention of technological measures to the extent such circumvention\nis effected by exercising rights under this License with respect to\nthe covered work, and you disclaim any intention to limit operation or\nmodification of the work as a means of enforcing, against the work\'s\nusers, your or third parties\' legal rights to forbid circumvention of\ntechnological measures.\n4. Conveying Verbatim Copies.\nYou may convey verbatim copies of the Program\'s source code as you\nreceive it, in any medium, provided that you conspicuously and\nappropriately publish on each copy an appropriate copyright notice;\nkeep intact all notices stating that this License and any\nnon-permissive terms added in accord with section 7 apply to the code;\nkeep intact all notices of the absence of any warranty; and give all\nrecipients a copy of this License along with the Program.\nYou may charge any price or no price for each copy that you convey,\nand you may offer support or warranty protection for a fee.\n5. Conveying Modified Source Versions.\nYou may convey a work based on the Program, or the modifications to\nproduce it from the Program, in the form of source code under the\nterms of section 4, provided that you also meet all of these conditions:\na) The work must carry prominent notices stating that you modified\nit, and giving a relevant date.\nb) The work must carry prominent notices stating that it is\nreleased under this License and any conditions added under section\n7.  This requirement modifies the requirement in section 4 to\n""keep intact all notices"".\nc) You must license the entire work, as a whole, under this\nLicense to anyone who comes into possession of a copy.  This\nLicense will therefore apply, along with any applicable section 7\nadditional terms, to the whole of the work, and all its parts,\nregardless of how they are packaged.  This License gives no\npermission to license the work in any other way, but it does not\ninvalidate such permission if you have separately received it.\nd) If the work has interactive user interfaces, each must display\nAppropriate Legal Notices; however, if the Program has interactive\ninterfaces that do not display Appropriate Legal Notices, your\nwork need not make them do so.\nA compilation of a covered work with other separate and independent\nworks, which are not by their nature extensions of the covered work,\nand which are not combined with it such as to form a larger program,\nin or on a volume of a storage or distribution medium, is called an\n""aggregate"" if the compilation and its resulting copyright are not\nused to limit the access or legal rights of the compilation\'s users\nbeyond what the individual works permit.  Inclusion of a covered work\nin an aggregate does not cause this License to apply to the other\nparts of the aggregate.\n6. Conveying Non-Source Forms.\nYou may convey a covered work in object code form under the terms\nof sections 4 and 5, provided that you also convey the\nmachine-readable Corresponding Source under the terms of this License,\nin one of these ways:\na) Convey the object code in, or embodied in, a physical product\n(including a physical distribution medium), accompanied by the\nCorresponding Source fixed on a durable physical medium\ncustomarily used for software interchange.\nb) Convey the object code in, or embodied in, a physical product\n(including a physical distribution medium), accompanied by a\nwritten offer, valid for at least three years and valid for as\nlong as you offer spare parts or customer support for that product\nmodel, to give anyone who possesses the object code either (1) a\ncopy of the Corresponding Source for all the software in the\nproduct that is covered by this License, on a durable physical\nmedium customarily used for software interchange, for a price no\nmore than your reasonable cost of physically performing this\nconveying of source, or (2) access to copy the\nCorresponding Source from a network server at no charge.\nc) Convey individual copies of the object code with a copy of the\nwritten offer to provide the Corresponding Source.  This\nalternative is allowed only occasionally and noncommercially, and\nonly if you received the object code with such an offer, in accord\nwith subsection 6b.\nd) Convey the object code by offering access from a designated\nplace (gratis or for a charge), and offer equivalent access to the\nCorresponding Source in the same way through the same place at no\nfurther charge.  You need not require recipients to copy the\nCorresponding Source along with the object code.  If the place to\ncopy the object code is a network server, the Corresponding Source\nmay be on a different server (operated by you or a third party)\nthat supports equivalent copying facilities, provided you maintain\nclear directions next to the object code saying where to find the\nCorresponding Source.  Regardless of what server hosts the\nCorresponding Source, you remain obligated to ensure that it is\navailable for as long as needed to satisfy these requirements.\ne) Convey the object code using peer-to-peer transmission, provided\nyou inform other peers where the object code and Corresponding\nSource of the work are being offered to the general public at no\ncharge under subsection 6d.\nA separable portion of the object code, whose source code is excluded\nfrom the Corresponding Source as a System Library, need not be\nincluded in conveying the object code work.\nA ""User Product"" is either (1) a ""consumer product"", which means any\ntangible personal property which is normally used for personal, family,\nor household purposes, or (2) anything designed or sold for incorporation\ninto a dwelling.  In determining whether a product is a consumer product,\ndoubtful cases shall be resolved in favor of coverage.  For a particular\nproduct received by a particular user, ""normally used"" refers to a\ntypical or common use of that class of product, regardless of the status\nof the particular user or of the way in which the particular user\nactually uses, or expects or is expected to use, the product.  A product\nis a consumer product regardless of whether the product has substantial\ncommercial, industrial or non-consumer uses, unless such uses represent\nthe only significant mode of use of the product.\n""Installation Information"" for a User Product means any methods,\nprocedures, authorization keys, or other information required to install\nand execute modified versions of a covered work in that User Product from\na modified version of its Corresponding Source.  The information must\nsuffice to ensure that the continued functioning of the modified object\ncode is in no case prevented or interfered with solely because\nmodification has been made.\nIf you convey an object code work under this section in, or with, or\nspecifically for use in, a User Product, and the conveying occurs as\npart of a transaction in which the right of possession and use of the\nUser Product is transferred to the recipient in perpetuity or for a\nfixed term (regardless of how the transaction is characterized), the\nCorresponding Source conveyed under this section must be accompanied\nby the Installation Information.  But this requirement does not apply\nif neither you nor any third party retains the ability to install\nmodified object code on the User Product (for example, the work has\nbeen installed in ROM).\nThe requirement to provide Installation Information does not include a\nrequirement to continue to provide support service, warranty, or updates\nfor a work that has been modified or installed by the recipient, or for\nthe User Product in which it has been modified or installed.  Access to a\nnetwork may be denied when the modification itself materially and\nadversely affects the operation of the network or violates the rules and\nprotocols for communication across the network.\nCorresponding Source conveyed, and Installation Information provided,\nin accord with this section must be in a format that is publicly\ndocumented (and with an implementation available to the public in\nsource code form), and must require no special password or key for\nunpacking, reading or copying.\n7. Additional Terms.\n""Additional permissions"" are terms that supplement the terms of this\nLicense by making exceptions from one or more of its conditions.\nAdditional permissions that are applicable to the entire Program shall\nbe treated as though they were included in this License, to the extent\nthat they are valid under applicable law.  If additional permissions\napply only to part of the Program, that part may be used separately\nunder those permissions, but the entire Program remains governed by\nthis License without regard to the additional permissions.\nWhen you convey a copy of a covered work, you may at your option\nremove any additional permissions from that copy, or from any part of\nit.  (Additional permissions may be written to require their own\nremoval in certain cases when you modify the work.)  You may place\nadditional permissions on material, added by you to a covered work,\nfor which you have or can give appropriate copyright permission.\nNotwithstanding any other provision of this License, for material you\nadd to a covered work, you may (if authorized by the copyright holders of\nthat material) supplement the terms of this License with terms:\na) Disclaiming warranty or limiting liability differently from the\nterms of sections 15 and 16 of this License; or\nb) Requiring preservation of specified reasonable legal notices or\nauthor attributions in that material or in the Appropriate Legal\nNotices displayed by works containing it; or\nc) Prohibiting misrepresentation of the origin of that material, or\nrequiring that modified versions of such material be marked in\nreasonable ways as different from the original version; or\nd) Limiting the use for publicity purposes of names of licensors or\nauthors of the material; or\ne) Declining to grant rights under trademark law for use of some\ntrade names, trademarks, or service marks; or\nf) Requiring indemnification of licensors and authors of that\nmaterial by anyone who conveys the material (or modified versions of\nit) with contractual assumptions of liability to the recipient, for\nany liability that these contractual assumptions directly impose on\nthose licensors and authors.\nAll other non-permissive additional terms are considered ""further\nrestrictions"" within the meaning of section 10.  If the Program as you\nreceived it, or any part of it, contains a notice stating that it is\ngoverned by this License along with a term that is a further\nrestriction, you may remove that term.  If a license document contains\na further restriction but permits relicensing or conveying under this\nLicense, you may add to a covered work material governed by the terms\nof that license document, provided that the further restriction does\nnot survive such relicensing or conveying.\nIf you add terms to a covered work in accord with this section, you\nmust place, in the relevant source files, a statement of the\nadditional terms that apply to those files, or a notice indicating\nwhere to find the applicable terms.\nAdditional terms, permissive or non-permissive, may be stated in the\nform of a separately written license, or stated as exceptions;\nthe above requirements apply either way.\n8. Termination.\nYou may not propagate or modify a covered work except as expressly\nprovided under this License.  Any attempt otherwise to propagate or\nmodify it is void, and will automatically terminate your rights under\nthis License (including any patent licenses granted under the third\nparagraph of section 11).\nHowever, if you cease all violation of this License, then your\nlicense from a particular copyright holder is reinstated (a)\nprovisionally, unless and until the copyright holder explicitly and\nfinally terminates your license, and (b) permanently, if the copyright\nholder fails to notify you of the violation by some reasonable means\nprior to 60 days after the cessation.\nMoreover, your license from a particular copyright holder is\nreinstated permanently if the copyright holder notifies you of the\nviolation by some reasonable means, this is the first time you have\nreceived notice of violation of this License (for any work) from that\ncopyright holder, and you cure the violation prior to 30 days after\nyour receipt of the notice.\nTermination of your rights under this section does not terminate the\nlicenses of parties who have received copies or rights from you under\nthis License.  If your rights have been terminated and not permanently\nreinstated, you do not qualify to receive new licenses for the same\nmaterial under section 10.\n9. Acceptance Not Required for Having Copies.\nYou are not required to accept this License in order to receive or\nrun a copy of the Program.  Ancillary propagation of a covered work\noccurring solely as a consequence of using peer-to-peer transmission\nto receive a copy likewise does not require acceptance.  However,\nnothing other than this License grants you permission to propagate or\nmodify any covered work.  These actions infringe copyright if you do\nnot accept this License.  Therefore, by modifying or propagating a\ncovered work, you indicate your acceptance of this License to do so.\n10. Automatic Licensing of Downstream Recipients.\nEach time you convey a covered work, the recipient automatically\nreceives a license from the original licensors, to run, modify and\npropagate that work, subject to this License.  You are not responsible\nfor enforcing compliance by third parties with this License.\nAn ""entity transaction"" is a transaction transferring control of an\norganization, or substantially all assets of one, or subdividing an\norganization, or merging organizations.  If propagation of a covered\nwork results from an entity transaction, each party to that\ntransaction who receives a copy of the work also receives whatever\nlicenses to the work the party\'s predecessor in interest had or could\ngive under the previous paragraph, plus a right to possession of the\nCorresponding Source of the work from the predecessor in interest, if\nthe predecessor has it or can get it with reasonable efforts.\nYou may not impose any further restrictions on the exercise of the\nrights granted or affirmed under this License.  For example, you may\nnot impose a license fee, royalty, or other charge for exercise of\nrights granted under this License, and you may not initiate litigation\n(including a cross-claim or counterclaim in a lawsuit) alleging that\nany patent claim is infringed by making, using, selling, offering for\nsale, or importing the Program or any portion of it.\n11. Patents.\nA ""contributor"" is a copyright holder who authorizes use under this\nLicense of the Program or a work on which the Program is based.  The\nwork thus licensed is called the contributor\'s ""contributor version"".\nA contributor\'s ""essential patent claims"" are all patent claims\nowned or controlled by the contributor, whether already acquired or\nhereafter acquired, that would be infringed by some manner, permitted\nby this License, of making, using, or selling its contributor version,\nbut do not include claims that would be infringed only as a\nconsequence of further modification of the contributor version.  For\npurposes of this definition, ""control"" includes the right to grant\npatent sublicenses in a manner consistent with the requirements of\nthis License.\nEach contributor grants you a non-exclusive, worldwide, royalty-free\npatent license under the contributor\'s essential patent claims, to\nmake, use, sell, offer for sale, import and otherwise run, modify and\npropagate the contents of its contributor version.\nIn the following three paragraphs, a ""patent license"" is any express\nagreement or commitment, however denominated, not to enforce a patent\n(such as an express permission to practice a patent or covenant not to\nsue for patent infringement).  To ""grant"" such a patent license to a\nparty means to make such an agreement or commitment not to enforce a\npatent against the party.\nIf you convey a covered work, knowingly relying on a patent license,\nand the Corresponding Source of the work is not available for anyone\nto copy, free of charge and under the terms of this License, through a\npublicly available network server or other readily accessible means,\nthen you must either (1) cause the Corresponding Source to be so\navailable, or (2) arrange to deprive yourself of the benefit of the\npatent license for this particular work, or (3) arrange, in a manner\nconsistent with the requirements of this License, to extend the patent\nlicense to downstream recipients.  ""Knowingly relying"" means you have\nactual knowledge that, but for the patent license, your conveying the\ncovered work in a country, or your recipient\'s use of the covered work\nin a country, would infringe one or more identifiable patents in that\ncountry that you have reason to believe are valid.\nIf, pursuant to or in connection with a single transaction or\narrangement, you convey, or propagate by procuring conveyance of, a\ncovered work, and grant a patent license to some of the parties\nreceiving the covered work authorizing them to use, propagate, modify\nor convey a specific copy of the covered work, then the patent license\nyou grant is automatically extended to all recipients of the covered\nwork and works based on it.\nA patent license is ""discriminatory"" if it does not include within\nthe scope of its coverage, prohibits the exercise of, or is\nconditioned on the non-exercise of one or more of the rights that are\nspecifically granted under this License.  You may not convey a covered\nwork if you are a party to an arrangement with a third party that is\nin the business of distributing software, under which you make payment\nto the third party based on the extent of your activity of conveying\nthe work, and under which the third party grants, to any of the\nparties who would receive the covered work from you, a discriminatory\npatent license (a) in connection with copies of the covered work\nconveyed by you (or copies made from those copies), or (b) primarily\nfor and in connection with specific products or compilations that\ncontain the covered work, unless you entered into that arrangement,\nor that patent license was granted, prior to 28 March 2007.\nNothing in this License shall be construed as excluding or limiting\nany implied license or other defenses to infringement that may\notherwise be available to you under applicable patent law.\n12. No Surrender of Others\' Freedom.\nIf conditions are imposed on you (whether by court order, agreement or\notherwise) that contradict the conditions of this License, they do not\nexcuse you from the conditions of this License.  If you cannot convey a\ncovered work so as to satisfy simultaneously your obligations under this\nLicense and any other pertinent obligations, then as a consequence you may\nnot convey it at all.  For example, if you agree to terms that obligate you\nto collect a royalty for further conveying from those to whom you convey\nthe Program, the only way you could satisfy both those terms and this\nLicense would be to refrain entirely from conveying the Program.\n13. Use with the GNU Affero General Public License.\nNotwithstanding any other provision of this License, you have\npermission to link or combine any covered work with a work licensed\nunder version 3 of the GNU Affero General Public License into a single\ncombined work, and to convey the resulting work.  The terms of this\nLicense will continue to apply to the part which is the covered work,\nbut the special requirements of the GNU Affero General Public License,\nsection 13, concerning interaction through a network will apply to the\ncombination as such.\n14. Revised Versions of this License.\nThe Free Software Foundation may publish revised and/or new versions of\nthe GNU General Public License from time to time.  Such new versions will\nbe similar in spirit to the present version, but may differ in detail to\naddress new problems or concerns.\nEach version is given a distinguishing version number.  If the\nProgram specifies that a certain numbered version of the GNU General\nPublic License ""or any later version"" applies to it, you have the\noption of following the terms and conditions either of that numbered\nversion or of any later version published by the Free Software\nFoundation.  If the Program does not specify a version number of the\nGNU General Public License, you may choose any version ever published\nby the Free Software Foundation.\nIf the Program specifies that a proxy can decide which future\nversions of the GNU General Public License can be used, that proxy\'s\npublic statement of acceptance of a version permanently authorizes you\nto choose that version for the Program.\nLater license versions may give you additional or different\npermissions.  However, no additional obligations are imposed on any\nauthor or copyright holder as a result of your choosing to follow a\nlater version.\n15. Disclaimer of Warranty.\nTHERE IS NO WARRANTY FOR THE PROGRAM, TO THE EXTENT PERMITTED BY\nAPPLICABLE LAW.  EXCEPT WHEN OTHERWISE STATED IN WRITING THE COPYRIGHT\nHOLDERS AND/OR OTHER PARTIES PROVIDE THE PROGRAM ""AS IS"" WITHOUT WARRANTY\nOF ANY KIND, EITHER EXPRESSED OR IMPLIED, INCLUDING, BUT NOT LIMITED TO,\nTHE IMPLIED WARRANTIES OF MERCHANTABILITY AND FITNESS FOR A PARTICULAR\nPURPOSE.  THE ENTIRE RISK AS TO THE QUALITY AND PERFORMANCE OF THE PROGRAM\nIS WITH YOU.  SHOULD THE PROGRAM PROVE DEFECTIVE, YOU ASSUME THE COST OF\nALL NECESSARY SERVICING, REPAIR OR CORRECTION.\n16. Limitation of Liability.\nIN NO EVENT UNLESS REQUIRED BY APPLICABLE LAW OR AGREED TO IN WRITING\nWILL ANY COPYRIGHT HOLDER, OR ANY OTHER PARTY WHO MODIFIES AND/OR CONVEYS\nTHE PROGRAM AS PERMITTED ABOVE, BE LIABLE TO YOU FOR DAMAGES, INCLUDING ANY\nGENERAL, SPECIAL, INCIDENTAL OR CONSEQUENTIAL DAMAGES ARISING OUT OF THE\nUSE OR INABILITY TO USE THE PROGRAM (INCLUDING BUT NOT LIMITED TO LOSS OF\nDATA OR DATA BEING RENDERED INACCURATE OR LOSSES SUSTAINED BY YOU OR THIRD\nPARTIES OR A FAILURE OF THE PROGRAM TO OPERATE WITH ANY OTHER PROGRAMS),\nEVEN IF SUCH HOLDER OR OTHER PARTY HAS BEEN ADVISED OF THE POSSIBILITY OF\nSUCH DAMAGES.\n17. Interpretation of Sections 15 and 16.\nIf the disclaimer of warranty and limitation of liability provided\nabove cannot be given local legal effect according to their terms,\nreviewing courts shall apply local law that most closely approximates\nan absolute waiver of all civil liability in connection with the\nProgram, unless a warranty or assumption of liability accompanies a\ncopy of the Program in return for a fee.\nEND OF TERMS AND CONDITIONS\nHow to Apply These Terms to Your New Programs\nIf you develop a new program, and you want it to be of the greatest\npossible use to the public, the best way to achieve this is to ",,"1.28","error","Copyright (c) 2007 Free Software Foundation, Inc. http://fsf.org
(c) 2012 Entrust, Inc. - for
(c) 2009 Entrust, Inc. - for
(c) 1999 Entrust.net Limited1301 Entrust.net Certification
(c) 2006 Entrust
(c) 2015 Entrust, Inc. - for","Free Software Foundation, Inc.
Entrust, Inc. - for
Entrust.net Limited1301 Entrust.net Certification
Entrust","<appro@openssl.org>",,"appro@openssl.org
5@Ci-.Kh","http://fsf.org/
http://www.gnu.org/licenses/
http://www.gnu.org/philosophy/why-not-lgpl.html
https://github.com/official-stockfish/Stockfish
https://github.com/ianfab/Fairy-Stockfish
https://github.com/lichess-org/fishnet
http://www.entrust.net/legal-terms1907
http://www.entrust.net/CPS_2048
http://www.entrust.net/CPS
https://github.com/clap-rs/clap/issues
https://lichess.org/get-fishnet
https://fishnet-releases.s3.dualstack.eu-west-3.amazonaws.com/https:/fishnet-releases.s3.dualstack.eu-west-3.amazonaws.com/?list-type=2Checking
https://lichess.org/fishnetdefault
https://lichess.org/fishnetCORESNumber
https://docs.rs/rustls/latest/rustls/manual/_03_howto/index.html#unexpected-eof/usr/local/cargo/registry/src/index.crates.io-6f17d22bba15001f/rustls-0.23.12/src/crypto/mod.rs/usr/local/cargo/registry/src/index.crates.io-6f17d22bba15001f/rustls-0.23.12/src/record_layer.rsassertion","The value of: license_detections has been truncated from: 41761 to 32767 length to fit in an XLSX cell maximum length",
"telemetry-parser-v0.3.0 250117_112749","to/gyro2bb-linux64","file","gyro2bb-linux64","requires-review",,"to",,"2492592","bec6297f9241ad96c0e8f200dd9f182b","6e7cf97563caf9ee087df12da39473a169d87461","921f4c8e5f06320870162b08715be9a8cd8fc257061320552e12c43134422966",,"application/x-pie-executable","ELF 64-bit LSB pie executable, x86-64, version 1 (SYSV), dynamically linked, BuildID[sha1]=5a4defbd20b5478951ae1f8515f5ebe372684d7f, stripped",,"True",,,,,,,,,,,,,,,,,"Adrian <adrian.eddy@gmail.com>",,"adrian.eddy@gmail.com",,"rust_symbols: []
",
"artichoke-nightly-2025-01-01 250117_112749","to/artichoke-nightly-x86_64-unknown-linux-gnu/airb","file","airb","requires-review",,"to",,"4691328","101e939a12c45e8f5d28fb63f114b93e","b6a1d0240dcf2371d20cc8f867654e35288d2c42","5a2cc749067c9605c6b0ea8642ef2040173211a95acdb52d93fc37c8e09287e3",,"application/x-pie-executable","ELF 64-bit LSB pie executable, x86-64, version 1 (SYSV), dynamically linked, interpreter /lib64/ld-linux-x86-64.so.2, BuildID[sha1]=6929b2bb869f2b7274294c4bb135b93c1ccb39c3, for GNU/Linux 3.2.0, stripped",,"True",,,,,,,,,"ruby","Ruby","{'matches': [{'score': 100.0, 'matcher': '2-aho', 'end_line': 6774, 'rule_url': 'https://github.com/nexB/scancode-toolkit/tree/develop/src/licensedcode/data/rules/unknown-license-reference_21.RULE', 'from_file': None, 'start_line': 6774, 'matched_text': '# See Copyright Notice in mruby.h', 'match_coverage': 100.0, 'matched_length': 4, 'rule_relevance': 100, 'rule_identifier': 'unknown-license-reference_21.RULE', 'license_expression': 'unknown-license-reference', 'license_expression_spdx': 'LicenseRef-scancode-unknown-license-reference'}, {'score': 100.0, 'matcher': '2-aho', 'end_line': 9343, 'rule_url': 'https://github.com/nexB/scancode-toolkit/tree/develop/src/licensedcode/data/rules/ruby_11.RULE', 'from_file': None, 'start_line': 9342, 'matched_text': '# All rights reserved.  You can redistribute and/or modify it under\n# the same terms as Ruby.', 'match_coverage': 100.0, 'matched_length': 13, 'rule_relevance': 100, 'rule_identifier': 'ruby_11.RULE', 'license_expression': 'ruby', 'license_expression_spdx': 'Ruby'}], 'identifier': 'ruby-10c56372-00ee-939b-eb56-ae40ddd87bbc', 'license_expression': 'ruby', 'license_expression_spdx': 'Ruby'}
{'matches': [{'score': 100.0, 'matcher': '2-aho', 'end_line': 11239, 'rule_url': 'https://github.com/nexB/scancode-toolkit/tree/develop/src/licensedcode/data/rules/ruby_5.RULE', 'from_file': None, 'start_line': 11239, 'matched_text': '# This library is distributed under the terms of the Ruby license.', 'match_coverage': 100.0, 'matched_length': 11, 'rule_relevance': 100, 'rule_identifier': 'ruby_5.RULE', 'license_expression': 'ruby', 'license_expression_spdx': 'Ruby'}], 'identifier': 'ruby-0ef07245-047b-3d37-9307-6079106b2d3a', 'license_expression': 'ruby', 'license_expression_spdx': 'Ruby'}
{'matches': [{'score': 100.0, 'matcher': '2-aho', 'end_line': 11674, 'rule_url': 'https://github.com/nexB/scancode-toolkit/tree/develop/src/licensedcode/data/rules/ruby_11.RULE', 'from_file': None, 'start_line': 11673, 'matched_text': '# All rights reserved.  You can redistribute and/or modify it under the same\n# terms as Ruby.', 'match_coverage': 100.0, 'matched_length': 13, 'rule_relevance': 100, 'rule_identifier': 'ruby_11.RULE', 'license_expression': 'ruby', 'license_expression_spdx': 'Ruby'}], 'identifier': 'ruby-e67d13ab-d6ac-8253-0604-00cf44276f71', 'license_expression': 'ruby', 'license_expression_spdx': 'Ruby'}
{'matches': [{'score': 71.43, 'matcher': '3-seq', 'end_line': 13263, 'rule_url': 'https://github.com/nexB/scancode-toolkit/tree/develop/src/licensedcode/data/rules/ruby_22.RULE', 'from_file': None, 'start_line': 13261, 'matched_text': '# License::\n#  Copyright (c) 2001 akira yamada <akira@ruby-lang.org>\n#  You can redistribute it and/or modify it under the same term as Ruby.', 'match_coverage': 100.0, 'matched_length': 15, 'rule_relevance': 100, 'rule_identifier': 'ruby_22.RULE', 'license_expression': 'ruby', 'license_expression_spdx': 'Ruby'}], 'identifier': 'ruby-86a290d3-f515-dad5-1bea-86e32396eaf4', 'license_expression': 'ruby', 'license_expression_spdx': 'Ruby'}
{'matches': [{'score': 100.0, 'matcher': '2-aho', 'end_line': 13284, 'rule_url': 'https://github.com/nexB/scancode-toolkit/tree/develop/src/licensedcode/data/rules/ruby_22.RULE', 'from_file': None, 'start_line': 13283, 'matched_text': '# License::\n#   You can redistribute it and/or modify it under the same term as Ruby.', 'match_coverage': 100.0, 'matched_length': 15, 'rule_relevance': 100, 'rule_identifier': 'ruby_22.RULE', 'license_expression': 'ruby', 'license_expression_spdx': 'Ruby'}], 'identifier': 'ruby-b85efd3c-ce35-c396-c4c9-214c96581350', 'license_expression': 'ruby', 'license_expression_spdx': 'Ruby'}
{'matches': [{'score': 100.0, 'matcher': '2-aho', 'end_line': 13879, 'rule_url': 'https://github.com/nexB/scancode-toolkit/tree/develop/src/licensedcode/data/rules/ruby_22.RULE', 'from_file': None, 'start_line': 13879, 'matched_text': '# License:: You can redistribute it and/or modify it under the same term as Ruby.', 'match_coverage': 100.0, 'matched_length': 15, 'rule_relevance': 100, 'rule_identifier': 'ruby_22.RULE', 'license_expression': 'ruby', 'license_expression_spdx': 'Ruby'}], 'identifier': 'ruby-b85efd3c-ce35-c396-c4c9-214c96581350', 'license_expression': 'ruby', 'license_expression_spdx': 'Ruby'}
{'matches': [{'score': 100.0, 'matcher': '2-aho', 'end_line': 14048, 'rule_url': 'https://github.com/nexB/scancode-toolkit/tree/develop/src/licensedcode/data/rules/ruby_22.RULE', 'from_file': None, 'start_line': 14048, 'matched_text': '# License:: You can redistribute it and/or modify it under the same term as Ruby.', 'match_coverage': 100.0, 'matched_length': 15, 'rule_relevance': 100, 'rule_identifier': 'ruby_22.RULE', 'license_expression': 'ruby', 'license_expression_spdx': 'Ruby'}], 'identifier': 'ruby-b85efd3c-ce35-c396-c4c9-214c96581350', 'license_expression': 'ruby', 'license_expression_spdx': 'Ruby'}
{'matches': [{'score': 100.0, 'matcher': '2-aho', 'end_line': 15002, 'rule_url': 'https://github.com/nexB/scancode-toolkit/tree/develop/src/licensedcode/data/rules/ruby_22.RULE', 'from_file': None, 'start_line': 15002, 'matched_text': '# License:: You can redistribute it and/or modify it under the same term as Ruby.', 'match_coverage': 100.0, 'matched_length': 15, 'rule_relevance': 100, 'rule_identifier': 'ruby_22.RULE', 'license_expression': 'ruby', 'license_expression_spdx': 'Ruby'}], 'identifier': 'ruby-b85efd3c-ce35-c396-c4c9-214c96581350', 'license_expression': 'ruby', 'license_expression_spdx': 'Ruby'}
{'matches': [{'score': 100.0, 'matcher': '2-aho', 'end_line': 15055, 'rule_url': 'https://github.com/nexB/scancode-toolkit/tree/develop/src/licensedcode/data/rules/ruby_22.RULE', 'from_file': None, 'start_line': 15055, 'matched_text': '# License:: You can redistribute it and/or modify it under the same term as Ruby.', 'match_coverage': 100.0, 'matched_length': 15, 'rule_relevance': 100, 'rule_identifier': 'ruby_22.RULE', 'license_expression': 'ruby', 'license_expression_spdx': 'Ruby'}], 'identifier': 'ruby-b85efd3c-ce35-c396-c4c9-214c96581350', 'license_expression': 'ruby', 'license_expression_spdx': 'Ruby'}
{'matches': [{'score': 84.21, 'matcher': '3-seq', 'end_line': 15074, 'rule_url': 'https://github.com/nexB/scancode-toolkit/tree/develop/src/licensedcode/data/rules/ruby_23.RULE', 'from_file': None, 'start_line': 15073, 'matched_text': '#   URI::LDAP is copyrighted free software by Takaaki Tateishi and Akira Yamada.\n#   You can redistribute it and/or modify it under the same term as Ruby.', 'match_coverage': 84.21, 'matched_length': 16, 'rule_relevance': 100, 'rule_identifier': 'ruby_23.RULE', 'license_expression': 'ruby', 'license_expression_spdx': 'Ruby'}], 'identifier': 'ruby-ec7130da-bc14-1b1b-948b-4eb59f255154', 'license_expression': 'ruby', 'license_expression_spdx': 'Ruby'}
{'matches': [{'score': 100.0, 'matcher': '2-aho', 'end_line': 15233, 'rule_url': 'https://github.com/nexB/scancode-toolkit/tree/develop/src/licensedcode/data/rules/ruby_22.RULE', 'from_file': None, 'start_line': 15233, 'matched_text': '# License:: You can redistribute it and/or modify it under the same term as Ruby.', 'match_coverage': 100.0, 'matched_length': 15, 'rule_relevance': 100, 'rule_identifier': 'ruby_22.RULE', 'license_expression': 'ruby', 'license_expression_spdx': 'Ruby'}], 'identifier': 'ruby-b85efd3c-ce35-c396-c4c9-214c96581350', 'license_expression': 'ruby', 'license_expression_spdx': 'Ruby'}
{'matches': [{'score': 100.0, 'matcher': '2-aho', 'end_line': 15247, 'rule_url': 'https://github.com/nexB/scancode-toolkit/tree/develop/src/licensedcode/data/rules/ruby_22.RULE', 'from_file': None, 'start_line': 15247, 'matched_text': '# License:: You can redistribute it and/or modify it under the same term as Ruby.', 'match_coverage': 100.0, 'matched_length': 15, 'rule_relevance': 100, 'rule_identifier': 'ruby_22.RULE', 'license_expression': 'ruby', 'license_expression_spdx': 'Ruby'}], 'identifier': 'ruby-b85efd3c-ce35-c396-c4c9-214c96581350', 'license_expression': 'ruby', 'license_expression_spdx': 'Ruby'}
{'matches': [{'score': 100.0, 'matcher': '2-aho', 'end_line': 15442, 'rule_url': 'https://github.com/nexB/scancode-toolkit/tree/develop/src/licensedcode/data/rules/ruby_22.RULE', 'from_file': None, 'start_line': 15441, 'matched_text': '# License::\n#   You can redistribute it and/or modify it under the same term as Ruby.', 'match_coverage': 100.0, 'matched_length': 15, 'rule_relevance': 100, 'rule_identifier': 'ruby_22.RULE', 'license_expression': 'ruby', 'license_expression_spdx': 'Ruby'}], 'identifier': 'ruby-b85efd3c-ce35-c396-c4c9-214c96581350', 'license_expression': 'ruby', 'license_expression_spdx': 'Ruby'}",,"0.28","warning","Copyright (c) 2019-2025 Ryan Lopopolo <rjl@hyperbo.la>
Copyright (c) 2001,2003 Akinori MUSHA <knu@iDaemons.org>
Copyright (c) 2001 Shugo Maeda <shugo@ruby-lang.org>
Copyright (c) 2002-2016 Akinori MUSHA <knu@iDaemons.org> Documentation by Akinori MUSHA and Gavin Sinclair
Copyright (c) 2001 akira yamada <akira@ruby-lang.org>
Copyright (c) 2010-2023 mruby developers","Ryan Lopopolo
Akinori MUSHA
Shugo Maeda
Akinori MUSHA Documentation by Akinori MUSHA and Gavin Sinclair
akira yamada
mruby developers","delegator.rb
Yukihiro Matsumoto Documentation Gavin Sinclair OpenStruct
Wakou Aoyama Akinori MUSHA <knu@iDaemons.org> Contact Akinori MUSHA <knu@iDaemons.org>
Akira Yamada <akira@ruby-lang.org> Documentation Akira Yamada <akira@ruby-lang.org> Dmitry V. Sabanin <sdmitry@lrn.ru> Vincent Batts <vbatts@hashbangbash.com>
Akira Yamada <akira@ruby-lang.org>
Takaaki Tateishi <ttate@jaist.ac.jp> Akira Yamada <akira@ruby-lang.org>",,"rjl@hyperbo.la
knu@iDaemons.org
keiju@ishitsuka.com
shugo@ruby-lang.org
akira@ruby-lang.org
sdmitry@lrn.ru
vbatts@hashbangbash.com
ttate@jaist.ac.jp
ruby-list@ruby-lang.org","https://github.com/artichoke/artichoke/issues/1336.can
https://github.com/yhara/enumerable-lazy
https://github.com/antimon2/enumerable_lz
http://jp.rubyist.net/magazine/?0034-Enumerable_lz
https://ruby-doc.org/core-3.0.2/String.html
https://ruby-doc.org/core-3.0.2/String.html#method-c-new
https://ruby-doc.org/core-3.0.2/String.html#method-c-try_convert
https://ruby-doc.org/core-3.0.2/String.html#method-i-25
https://ruby-doc.org/core-3.0.2/String.html#method-i-2A
https://ruby-doc.org/core-3.0.2/String.html#method-i-2B
https://ruby-doc.org/core-3.0.2/String.html#method-i-2B-40
https://ruby-doc.org/core-3.0.2/String.html#method-i-2D-40
https://ruby-doc.org/core-3.0.2/String.html#method-i-2F
https://ruby-doc.org/core-3.0.2/String.html#method-i-3C-3C
https://ruby-doc.org/core-3.0.2/String.html#method-i-3C-3D-3E
https://ruby-doc.org/core-3.0.2/String.html#method-i-3D-3D
https://ruby-doc.org/core-3.0.2/String.html#method-i-3D-3D-3D
https://ruby-doc.org/core-3.0.2/String.html#method-i-3D-7E
https://ruby-doc.org/core-3.0.2/String.html#method-i-5B-5D
https://ruby-doc.org/core-3.0.2/String.html#method-i-5B-5D-3D
https://ruby-doc.org/core-3.0.2/String.html#method-i-ascii_only-3F
https://ruby-doc.org/core-3.0.2/String.html#method-i-b
https://ruby-doc.org/core-3.0.2/String.html#method-i-bytes
https://ruby-doc.org/core-3.0.2/String.html#method-i-bytesize
https://ruby-doc.org/core-3.0.2/String.html#method-i-byteslice
https://ruby-doc.org/core-3.0.2/String.html#method-i-capitalize
https://ruby-doc.org/core-3.0.2/String.html#method-i-capitalize-21
https://ruby-doc.org/core-3.0.2/String.html#method-i-casecmp
https://ruby-doc.org/core-3.0.2/String.html#method-i-casecmp-3F
https://ruby-doc.org/core-3.0.2/String.html#method-i-center
https://ruby-doc.org/core-3.0.2/String.html#method-i-chars
https://ruby-doc.org/core-3.0.2/String.html#method-i-chomp
https://ruby-doc.org/core-3.0.2/String.html#method-i-chomp-21
https://ruby-doc.org/core-3.0.2/String.html#method-i-chop
https://ruby-doc.org/core-3.0.2/String.html#method-i-chop-21
https://ruby-doc.org/core-3.0.2/String.html#method-i-chr
https://ruby-doc.org/core-3.0.2/String.html#method-i-clear
https://ruby-doc.org/core-3.0.2/String.html#method-i-codepoints
https://ruby-doc.org/core-3.0.2/String.html#method-i-concat
https://ruby-doc.org/core-3.0.2/String.html#method-i-count
https://ruby-doc.org/core-3.0.2/String.html#method-i-crypt
https://ruby-doc.org/core-3.0.2/String.html#method-i-delete
https://ruby-doc.org/core-3.0.2/String.html#method-i-delete-21
https://ruby-doc.org/core-3.0.2/String.html#method-i-delete_prefix
https://ruby-doc.org/core-3.0.2/String.html#method-i-delete_prefix-21
https://ruby-doc.org/core-3.0.2/String.html#method-i-delete_suffix
https://ruby-doc.org/core-3.0.2/String.html#method-i-delete_suffix-21
https://ruby-doc.org/core-3.0.2/String.html#method-i-downcase
https://ruby-doc.org/core-3.0.2/String.html#method-i-downcase-21
https://ruby-doc.org/core-3.0.2/String.html#method-i-dump","rust_symbols: []
",
"artichoke-nightly-2025-01-01 250117_112749","to/artichoke-nightly-x86_64-unknown-linux-gnu/artichoke","file","artichoke","requires-review",,"to",,"4806016","4a991823695fca2f76d8802214c4c274","ab92180cdbbc3b0390a7b246952957d2fdc18c1d","e4a216af3c1479c2ec9105f65723090ed4c05567d0b9bb49873c0146b4a6409b",,"application/x-pie-executable","ELF 64-bit LSB pie executable, x86-64, version 1 (SYSV), dynamically linked, interpreter /lib64/ld-linux-x86-64.so.2, BuildID[sha1]=c94749b119d73354bea8ea1825e6379569c53b7d, for GNU/Linux 3.2.0, stripped",,"True",,,,,,,,,"ruby","Ruby","{'matches': [{'score': 100.0, 'matcher': '2-aho', 'end_line': 7062, 'rule_url': 'https://github.com/nexB/scancode-toolkit/tree/develop/src/licensedcode/data/rules/unknown-license-reference_21.RULE', 'from_file': None, 'start_line': 7062, 'matched_text': '# See Copyright Notice in mruby.h', 'match_coverage': 100.0, 'matched_length': 4, 'rule_relevance': 100, 'rule_identifier': 'unknown-license-reference_21.RULE', 'license_expression': 'unknown-license-reference', 'license_expression_spdx': 'LicenseRef-scancode-unknown-license-reference'}, {'score': 100.0, 'matcher': '2-aho', 'end_line': 9630, 'rule_url': 'https://github.com/nexB/scancode-toolkit/tree/develop/src/licensedcode/data/rules/ruby_11.RULE', 'from_file': None, 'start_line': 9629, 'matched_text': '# All rights reserved.  You can redistribute and/or modify it under\n# the same terms as Ruby.', 'match_coverage': 100.0, 'matched_length': 13, 'rule_relevance': 100, 'rule_identifier': 'ruby_11.RULE', 'license_expression': 'ruby', 'license_expression_spdx': 'Ruby'}], 'identifier': 'ruby-10c56372-00ee-939b-eb56-ae40ddd87bbc', 'license_expression': 'ruby', 'license_expression_spdx': 'Ruby'}
{'matches': [{'score': 100.0, 'matcher': '2-aho', 'end_line': 11526, 'rule_url': 'https://github.com/nexB/scancode-toolkit/tree/develop/src/licensedcode/data/rules/ruby_5.RULE', 'from_file': None, 'start_line': 11526, 'matched_text': '# This library is distributed under the terms of the Ruby license.', 'match_coverage': 100.0, 'matched_length': 11, 'rule_relevance': 100, 'rule_identifier': 'ruby_5.RULE', 'license_expression': 'ruby', 'license_expression_spdx': 'Ruby'}], 'identifier': 'ruby-0ef07245-047b-3d37-9307-6079106b2d3a', 'license_expression': 'ruby', 'license_expression_spdx': 'Ruby'}
{'matches': [{'score': 100.0, 'matcher': '2-aho', 'end_line': 11961, 'rule_url': 'https://github.com/nexB/scancode-toolkit/tree/develop/src/licensedcode/data/rules/ruby_11.RULE', 'from_file': None, 'start_line': 11960, 'matched_text': '# All rights reserved.  You can redistribute and/or modify it under the same\n# terms as Ruby.', 'match_coverage': 100.0, 'matched_length': 13, 'rule_relevance': 100, 'rule_identifier': 'ruby_11.RULE', 'license_expression': 'ruby', 'license_expression_spdx': 'Ruby'}], 'identifier': 'ruby-e67d13ab-d6ac-8253-0604-00cf44276f71', 'license_expression': 'ruby', 'license_expression_spdx': 'Ruby'}
{'matches': [{'score': 71.43, 'matcher': '3-seq', 'end_line': 13550, 'rule_url': 'https://github.com/nexB/scancode-toolkit/tree/develop/src/licensedcode/data/rules/ruby_22.RULE', 'from_file': None, 'start_line': 13548, 'matched_text': '# License::\n#  Copyright (c) 2001 akira yamada <akira@ruby-lang.org>\n#  You can redistribute it and/or modify it under the same term as Ruby.', 'match_coverage': 100.0, 'matched_length': 15, 'rule_relevance': 100, 'rule_identifier': 'ruby_22.RULE', 'license_expression': 'ruby', 'license_expression_spdx': 'Ruby'}], 'identifier': 'ruby-86a290d3-f515-dad5-1bea-86e32396eaf4', 'license_expression': 'ruby', 'license_expression_spdx': 'Ruby'}
{'matches': [{'score': 100.0, 'matcher': '2-aho', 'end_line': 13571, 'rule_url': 'https://github.com/nexB/scancode-toolkit/tree/develop/src/licensedcode/data/rules/ruby_22.RULE', 'from_file': None, 'start_line': 13570, 'matched_text': '# License::\n#   You can redistribute it and/or modify it under the same term as Ruby.', 'match_coverage': 100.0, 'matched_length': 15, 'rule_relevance': 100, 'rule_identifier': 'ruby_22.RULE', 'license_expression': 'ruby', 'license_expression_spdx': 'Ruby'}], 'identifier': 'ruby-b85efd3c-ce35-c396-c4c9-214c96581350', 'license_expression': 'ruby', 'license_expression_spdx': 'Ruby'}
{'matches': [{'score': 100.0, 'matcher': '2-aho', 'end_line': 14166, 'rule_url': 'https://github.com/nexB/scancode-toolkit/tree/develop/src/licensedcode/data/rules/ruby_22.RULE', 'from_file': None, 'start_line': 14166, 'matched_text': '# License:: You can redistribute it and/or modify it under the same term as Ruby.', 'match_coverage': 100.0, 'matched_length': 15, 'rule_relevance': 100, 'rule_identifier': 'ruby_22.RULE', 'license_expression': 'ruby', 'license_expression_spdx': 'Ruby'}], 'identifier': 'ruby-b85efd3c-ce35-c396-c4c9-214c96581350', 'license_expression': 'ruby', 'license_expression_spdx': 'Ruby'}
{'matches': [{'score': 100.0, 'matcher': '2-aho', 'end_line': 14335, 'rule_url': 'https://github.com/nexB/scancode-toolkit/tree/develop/src/licensedcode/data/rules/ruby_22.RULE', 'from_file': None, 'start_line': 14335, 'matched_text': '# License:: You can redistribute it and/or modify it under the same term as Ruby.', 'match_coverage': 100.0, 'matched_length': 15, 'rule_relevance': 100, 'rule_identifier': 'ruby_22.RULE', 'license_expression': 'ruby', 'license_expression_spdx': 'Ruby'}], 'identifier': 'ruby-b85efd3c-ce35-c396-c4c9-214c96581350', 'license_expression': 'ruby', 'license_expression_spdx': 'Ruby'}
{'matches': [{'score': 100.0, 'matcher': '2-aho', 'end_line': 15289, 'rule_url': 'https://github.com/nexB/scancode-toolkit/tree/develop/src/licensedcode/data/rules/ruby_22.RULE', 'from_file': None, 'start_line': 15289, 'matched_text': '# License:: You can redistribute it and/or modify it under the same term as Ruby.', 'match_coverage': 100.0, 'matched_length': 15, 'rule_relevance': 100, 'rule_identifier': 'ruby_22.RULE', 'license_expression': 'ruby', 'license_expression_spdx': 'Ruby'}], 'identifier': 'ruby-b85efd3c-ce35-c396-c4c9-214c96581350', 'license_expression': 'ruby', 'license_expression_spdx': 'Ruby'}
{'matches': [{'score': 100.0, 'matcher': '2-aho', 'end_line': 15342, 'rule_url': 'https://github.com/nexB/scancode-toolkit/tree/develop/src/licensedcode/data/rules/ruby_22.RULE', 'from_file': None, 'start_line': 15342, 'matched_text': '# License:: You can redistribute it and/or modify it under the same term as Ruby.', 'match_coverage': 100.0, 'matched_length': 15, 'rule_relevance': 100, 'rule_identifier': 'ruby_22.RULE', 'license_expression': 'ruby', 'license_expression_spdx': 'Ruby'}], 'identifier': 'ruby-b85efd3c-ce35-c396-c4c9-214c96581350', 'license_expression': 'ruby', 'license_expression_spdx': 'Ruby'}
{'matches': [{'score': 100.0, 'matcher': '2-aho', 'end_line': 15520, 'rule_url': 'https://github.com/nexB/scancode-toolkit/tree/develop/src/licensedcode/data/rules/ruby_22.RULE', 'from_file': None, 'start_line': 15520, 'matched_text': '# License:: You can redistribute it and/or modify it under the same term as Ruby.', 'match_coverage': 100.0, 'matched_length': 15, 'rule_relevance': 100, 'rule_identifier': 'ruby_22.RULE', 'license_expression': 'ruby', 'license_expression_spdx': 'Ruby'}], 'identifier': 'ruby-b85efd3c-ce35-c396-c4c9-214c96581350', 'license_expression': 'ruby', 'license_expression_spdx': 'Ruby'}
{'matches': [{'score': 100.0, 'matcher': '2-aho', 'end_line': 15534, 'rule_url': 'https://github.com/nexB/scancode-toolkit/tree/develop/src/licensedcode/data/rules/ruby_22.RULE', 'from_file': None, 'start_line': 15534, 'matched_text': '# License:: You can redistribute it and/or modify it under the same term as Ruby.', 'match_coverage': 100.0, 'matched_length': 15, 'rule_relevance': 100, 'rule_identifier': 'ruby_22.RULE', 'license_expression': 'ruby', 'license_expression_spdx': 'Ruby'}], 'identifier': 'ruby-b85efd3c-ce35-c396-c4c9-214c96581350', 'license_expression': 'ruby', 'license_expression_spdx': 'Ruby'}
{'matches': [{'score': 100.0, 'matcher': '2-aho', 'end_line': 15729, 'rule_url': 'https://github.com/nexB/scancode-toolkit/tree/develop/src/licensedcode/data/rules/ruby_22.RULE', 'from_file': None, 'start_line': 15728, 'matched_text': '# License::\n#   You can redistribute it and/or modify it under the same term as Ruby.', 'match_coverage': 100.0, 'matched_length': 15, 'rule_relevance': 100, 'rule_identifier': 'ruby_22.RULE', 'license_expression': 'ruby', 'license_expression_spdx': 'Ruby'}], 'identifier': 'ruby-b85efd3c-ce35-c396-c4c9-214c96581350', 'license_expression': 'ruby', 'license_expression_spdx': 'Ruby'}","{'score': 32.43, 'matcher': '3-seq', 'end_line': 15363, 'rule_url': 'https://github.com/nexB/scancode-toolkit/tree/develop/src/licensedcode/data/rules/artistic-perl-1.0_or_gpl-2.0_1.RULE', 'from_file': None, 'start_line': 15361, 'matched_text': '#   You can redistribute it and/or modify it under the same term as Ruby.\n# Revision:: $Id$\n# See URI for general documentation', 'match_coverage': 32.43, 'matched_length': 12, 'rule_relevance': 100, 'rule_identifier': 'artistic-perl-1.0_or_gpl-2.0_1.RULE', 'license_expression': 'artistic-perl-1.0 OR gpl-2.0', 'license_expression_spdx': 'Artistic-1.0-Perl OR GPL-2.0-only'}","0.27","warning","Copyright (c) 2019-2025 Ryan Lopopolo <rjl@hyperbo.la>
Copyright (c) 2001,2003 Akinori MUSHA <knu@iDaemons.org>
Copyright (c) 2001 Shugo Maeda <shugo@ruby-lang.org>
Copyright (c) 2002-2016 Akinori MUSHA <knu@iDaemons.org> Documentation by Akinori MUSHA and Gavin Sinclair
Copyright (c) 2001 akira yamada <akira@ruby-lang.org>
Copyright (c) 2010-2023 mruby developers","Ryan Lopopolo
Akinori MUSHA
Shugo Maeda
Akinori MUSHA Documentation by Akinori MUSHA and Gavin Sinclair
akira yamada
mruby developers","delegator.rb
Yukihiro Matsumoto Documentation Gavin Sinclair OpenStruct
Wakou Aoyama Akinori MUSHA <knu@iDaemons.org> Contact Akinori MUSHA <knu@iDaemons.org>
Akira Yamada <akira@ruby-lang.org> Documentation Akira Yamada <akira@ruby-lang.org> Dmitry V. Sabanin <sdmitry@lrn.ru> Vincent Batts <vbatts@hashbangbash.com>
Akira Yamada <akira@ruby-lang.org>
Takaaki Tateishi <ttate@jaist.ac.jp> Akira Yamada <akira@ruby-lang.org>",,"rjl@hyperbo.la
knu@iDaemons.org
keiju@ishitsuka.com
shugo@ruby-lang.org
akira@ruby-lang.org
sdmitry@lrn.ru
vbatts@hashbangbash.com
ttate@jaist.ac.jp
ruby-list@ruby-lang.org","https://github.com/artichoke/artichoke/issues/1336.can
https://github.com/yhara/enumerable-lazy
https://github.com/antimon2/enumerable_lz
http://jp.rubyist.net/magazine/?0034-Enumerable_lz
https://ruby-doc.org/core-3.0.2/String.html
https://ruby-doc.org/core-3.0.2/String.html#method-c-new
https://ruby-doc.org/core-3.0.2/String.html#method-c-try_convert
https://ruby-doc.org/core-3.0.2/String.html#method-i-25
https://ruby-doc.org/core-3.0.2/String.html#method-i-2A
https://ruby-doc.org/core-3.0.2/String.html#method-i-2B
https://ruby-doc.org/core-3.0.2/String.html#method-i-2B-40
https://ruby-doc.org/core-3.0.2/String.html#method-i-2D-40
https://ruby-doc.org/core-3.0.2/String.html#method-i-2F
https://ruby-doc.org/core-3.0.2/String.html#method-i-3C-3C
https://ruby-doc.org/core-3.0.2/String.html#method-i-3C-3D-3E
https://ruby-doc.org/core-3.0.2/String.html#method-i-3D-3D
https://ruby-doc.org/core-3.0.2/String.html#method-i-3D-3D-3D
https://ruby-doc.org/core-3.0.2/String.html#method-i-3D-7E
https://ruby-doc.org/core-3.0.2/String.html#method-i-5B-5D
https://ruby-doc.org/core-3.0.2/String.html#method-i-5B-5D-3D
https://ruby-doc.org/core-3.0.2/String.html#method-i-ascii_only-3F
https://ruby-doc.org/core-3.0.2/String.html#method-i-b
https://ruby-doc.org/core-3.0.2/String.html#method-i-bytes
https://ruby-doc.org/core-3.0.2/String.html#method-i-bytesize
https://ruby-doc.org/core-3.0.2/String.html#method-i-byteslice
https://ruby-doc.org/core-3.0.2/String.html#method-i-capitalize
https://ruby-doc.org/core-3.0.2/String.html#method-i-capitalize-21
https://ruby-doc.org/core-3.0.2/String.html#method-i-casecmp
https://ruby-doc.org/core-3.0.2/String.html#method-i-casecmp-3F
https://ruby-doc.org/core-3.0.2/String.html#method-i-center
https://ruby-doc.org/core-3.0.2/String.html#method-i-chars
https://ruby-doc.org/core-3.0.2/String.html#method-i-chomp
https://ruby-doc.org/core-3.0.2/String.html#method-i-chomp-21
https://ruby-doc.org/core-3.0.2/String.html#method-i-chop
https://ruby-doc.org/core-3.0.2/String.html#method-i-chop-21
https://ruby-doc.org/core-3.0.2/String.html#method-i-chr
https://ruby-doc.org/core-3.0.2/String.html#method-i-clear
https://ruby-doc.org/core-3.0.2/String.html#method-i-codepoints
https://ruby-doc.org/core-3.0.2/String.html#method-i-concat
https://ruby-doc.org/core-3.0.2/String.html#method-i-count
https://ruby-doc.org/core-3.0.2/String.html#method-i-crypt
https://ruby-doc.org/core-3.0.2/String.html#method-i-delete
https://ruby-doc.org/core-3.0.2/String.html#method-i-delete-21
https://ruby-doc.org/core-3.0.2/String.html#method-i-delete_prefix
https://ruby-doc.org/core-3.0.2/String.html#method-i-delete_prefix-21
https://ruby-doc.org/core-3.0.2/String.html#method-i-delete_suffix
https://ruby-doc.org/core-3.0.2/String.html#method-i-delete_suffix-21
https://ruby-doc.org/core-3.0.2/String.html#method-i-downcase
https://ruby-doc.org/core-3.0.2/String.html#method-i-downcase-21
https://ruby-doc.org/core-3.0.2/String.html#method-i-dump","rust_symbols: []
",
"artichoke-nightly-2025-01-01 250117_112749","to/artichoke-nightly-x86_64-unknown-linux-gnu/README.md","file","README.md","requires-review",,"to",".md","6671","54bba98153a4d36e740f28bec4e855fe","c7c430849c35a2acec8ae8a9550c8ddadcf901ff","eb09390b6980d95555e0cc6a8138485a2664fa2ba5ab82b5becd83d66ea58874",,"text/html","HTML document, UTF-8 Unicode text",,,"True",,,,,,,,"mit","MIT","{'matches': [{'score': 100.0, 'matcher': '2-aho', 'end_line': 148, 'rule_url': 'https://github.com/nexB/scancode-toolkit/tree/develop/src/licensedcode/data/rules/mit_27.RULE', 'from_file': None, 'start_line': 148, 'matched_text': '`artichoke` is licensed with the [MIT License](LICENSE) (c) Ryan Lopopolo.', 'match_coverage': 100.0, 'matched_length': 3, 'rule_relevance': 100, 'rule_identifier': 'mit_27.RULE', 'license_expression': 'mit', 'license_expression_spdx': 'MIT'}], 'identifier': 'mit-3ab5a1cd-6f73-3105-a815-d0d7c55b1922', 'license_expression': 'mit', 'license_expression_spdx': 'MIT'}",,"0.33","ok","(c) Ryan Lopopolo","Ryan Lopopolo",,,,"https://github.com/artichoke/artichoke/workflows/CI/badge.svg
https://github.com/artichoke/artichoke/actions
https://img.shields.io/discord/607683947496734760
https://discord.gg/QCe2tp2
https://img.shields.io/twitter/follow/artichokeruby?label=Follow&style=social
https://twitter.com/artichokeruby
https://img.shields.io/crates/v/artichoke.svg
https://crates.io/crates/artichoke
https://docs.rs/artichoke/badge.svg
https://docs.rs/artichoke
https://img.shields.io/badge/docs-trunk-blue.svg
https://artichoke.github.io/artichoke/artichoke
https://www.artichokeruby.org/
https://www.artichokeruby.org/artichoke-logo.svg
https://artichoke.run/
https://github.com/artichoke/artichoke
https://github.com/ruby/spec
https://github.com/artichoke/artichoke/blob/trunk/RUBYSPEC.md#mri-target
https://github.com/artichoke/playground
https://webassembly.org/
https://github.com/artichoke/nightly/releases/latest
https://hub.docker.com/r/artichokeruby/artichoke
https://github.com/rbenv/ruby-build
https://github.com/rbenv/rbenv
https://en.wikipedia.org/wiki/Interactive_Ruby_Shell
https://github.com/artichoke/artichoke/labels/O-wasm-unknown
https://github.com/artichoke/artichoke/labels/A-single-binary
https://github.com/artichoke/artichoke/labels/A-deps
https://github.com/artichoke/artichoke/labels/A-codegen
https://github.com/artichoke/artichoke/labels/A-compiler
https://github.com/artichoke/artichoke/labels/A-parallelism
https://github.com/artichoke/artichoke/labels/A-memory-management
https://github.com/artichoke/artichoke/issues
https://github.com/artichoke/artichoke/issues/new
https://github.com/artichoke/artichoke/labels/E-easy",,
"artichoke-nightly-2025-01-01 250117_112749","to/artichoke-nightly-x86_64-unknown-linux-gnu/THIRDPARTY.txt","file","THIRDPARTY.txt","requires-review",,"to",".txt","144525","e23327d8b8109e1bd6b00dd98234963c","3e337eff86a4ed2d5408574f8c5d1b4ea9d2fb60","624dfe0ebcb5090f24e0af7b8a875e7dba6fc87ac15a8e7bc37eb10ae8b63afe",,"text/plain","UTF-8 Unicode text, with very long lines, with CRLF, LF line terminators",,,"True",,,,,,,,"mit AND (mit OR unlicense) AND bsd-new AND apache-2.0 AND unicode-dfs-2016 AND isc AND bsd-simplified AND mit-0 AND (mit OR apache-2.0)","MIT AND (MIT OR Unlicense) AND BSD-3-Clause AND Apache-2.0 AND Unicode-DFS-2016 AND ISC AND BSD-2-Clause AND MIT-0 AND (MIT OR Apache-2.0)","{'matches': [{'score': 100.0, 'matcher': '2-aho', 'end_line': 7, 'rule_url': 'https://github.com/nexB/scancode-toolkit/tree/develop/src/licensedcode/data/rules/mit_26.RULE', 'from_file': None, 'start_line': 7, 'matched_text': 'The MIT License (MIT)', 'match_coverage': 100.0, 'matched_length': 4, 'rule_relevance': 100, 'rule_identifier': 'mit_26.RULE', 'license_expression': 'mit', 'license_expression_spdx': 'MIT'}, {'score': 100.0, 'matcher': '2-aho', 'end_line': 27, 'rule_url': 'https://github.com/nexB/scancode-toolkit/tree/develop/src/licensedcode/data/licenses/mit.LICENSE', 'from_file': None, 'start_line': 11, 'matched_text': 'Permission is hereby granted, free of charge, to any person obtaining a copy\nof this software and associated documentation files (the ""Software""), to deal\nin the Software without restriction, including without limitation the rights\nto use, copy, modify, merge, publish, distribute, sublicense, and/or sell\ncopies of the Software, and to permit persons to whom the Software is\nfurnished to do so, subject to the following conditions:\n\nThe above copyright notice and this permission notice shall be included in\nall copies or substantial portions of the Software.\n\nTHE SOFTWARE IS PROVIDED ""AS IS"", WITHOUT WARRANTY OF ANY KIND, EXPRESS OR\nIMPLIED, INCLUDING BUT NOT LIMITED TO THE WARRANTIES OF MERCHANTABILITY,\nFITNESS FOR A PARTICULAR PURPOSE AND NONINFRINGEMENT. IN NO EVENT SHALL THE\nAUTHORS OR COPYRIGHT HOLDERS BE LIABLE FOR ANY CLAIM, DAMAGES OR OTHER\nLIABILITY, WHETHER IN AN ACTION OF CONTRACT, TORT OR OTHERWISE, ARISING FROM,\nOUT OF OR IN CONNECTION WITH THE SOFTWARE OR THE USE OR OTHER DEALINGS IN\nTHE SOFTWARE.', 'match_coverage': 100.0, 'matched_length': 161, 'rule_relevance': 100, 'rule_identifier': 'mit.LICENSE', 'license_expression': 'mit', 'license_expression_spdx': 'MIT'}], 'identifier': 'mit-86fcf017-3572-9813-b7e8-0a10ec4a120f', 'license_expression': 'mit', 'license_expression_spdx': 'MIT'}
{'matches': [{'score': 100.0, 'matcher': '2-aho', 'end_line': 39, 'rule_url': 'https://github.com/nexB/scancode-toolkit/tree/develop/src/licensedcode/data/rules/mit_or_unlicense_1.RULE', 'from_file': None, 'start_line': 37, 'matched_text': 'This project is dual-licensed under the Unlicense and MIT licenses.\n\nYou may use this code under the terms of either license.', 'match_coverage': 100.0, 'matched_length': 22, 'rule_relevance': 100, 'rule_identifier': 'mit_or_unlicense_1.RULE', 'license_expression': 'mit OR unlicense', 'license_expression_spdx': 'MIT OR Unlicense'}], 'identifier': 'mit_or_unlicense-a9bfe987-a139-8cb9-3a98-82126d023cc5', 'license_expression': 'mit OR unlicense', 'license_expression_spdx': 'MIT OR Unlicense'}
{'matches': [{'score': 100.0, 'matcher': '2-aho', 'end_line': 67, 'rule_url': 'https://github.com/nexB/scancode-toolkit/tree/develop/src/licensedcode/data/licenses/mit.LICENSE', 'from_file': None, 'start_line': 51, 'matched_text': 'Permission is hereby granted, free of charge, to any person obtaining a copy\nof this software and associated documentation files (the ""Software""), to deal\nin the Software without restriction, including without limitation the rights\nto use, copy, modify, merge, publish, distribute, sublicense, and/or sell\ncopies of the Software, and to permit persons to whom the Software is\nfurnished to do so, subject to the following conditions:\n\nThe above copyright notice and this permission notice shall be included in all\ncopies or substantial portions of the Software.\n\nTHE SOFTWARE IS PROVIDED ""AS IS"", WITHOUT WARRANTY OF ANY KIND, EXPRESS OR\nIMPLIED, INCLUDING BUT NOT LIMITED TO THE WARRANTIES OF MERCHANTABILITY,\nFITNESS FOR A PARTICULAR PURPOSE AND NONINFRINGEMENT. IN NO EVENT SHALL THE\nAUTHORS OR COPYRIGHT HOLDERS BE LIABLE FOR ANY CLAIM, DAMAGES OR OTHER\nLIABILITY, WHETHER IN AN ACTION OF CONTRACT, TORT OR OTHERWISE, ARISING FROM,\nOUT OF OR IN CONNECTION WITH THE SOFTWARE OR THE USE OR OTHER DEALINGS IN THE\nSOFTWARE.', 'match_coverage': 100.0, 'matched_length': 161, 'rule_relevance': 100, 'rule_identifier': 'mit.LICENSE', 'license_expression': 'mit', 'license_expression_spdx': 'MIT'}], 'identifier': 'mit-cacd5c0c-204a-85c2-affc-e4c125b2492a', 'license_expression': 'mit', 'license_expression_spdx': 'MIT'}
{'matches': [{'score': 100.0, 'matcher': '2-aho', 'end_line': 77, 'rule_url': 'https://github.com/nexB/scancode-toolkit/tree/develop/src/licensedcode/data/rules/mit_26.RULE', 'from_file': None, 'start_line': 77, 'matched_text': 'The MIT License (MIT)', 'match_coverage': 100.0, 'matched_length': 4, 'rule_relevance': 100, 'rule_identifier': 'mit_26.RULE', 'license_expression': 'mit', 'license_expression_spdx': 'MIT'}, {'score': 100.0, 'matcher': '2-aho', 'end_line': 97, 'rule_url': 'https://github.com/nexB/scancode-toolkit/tree/develop/src/licensedcode/data/licenses/mit.LICENSE', 'from_file': None, 'start_line': 81, 'matched_text': 'Permission is hereby granted, free of charge, to any person obtaining a copy\nof this software and associated documentation files (the ""Software""), to deal\nin the Software without restriction, including without limitation the rights\nto use, copy, modify, merge, publish, distribute, sublicense, and/or sell\ncopies of the Software, and to permit persons to whom the Software is\nfurnished to do so, subject to the following conditions:\n\nThe above copyright notice and this permission notice shall be included in all\ncopies or substantial portions of the Software.\n\nTHE SOFTWARE IS PROVIDED ""AS IS"", WITHOUT WARRANTY OF ANY KIND, EXPRESS OR\nIMPLIED, INCLUDING BUT NOT LIMITED TO THE WARRANTIES OF MERCHANTABILITY,\nFITNESS FOR A PARTICULAR PURPOSE AND NONINFRINGEMENT. IN NO EVENT SHALL THE\nAUTHORS OR COPYRIGHT HOLDERS BE LIABLE FOR ANY CLAIM, DAMAGES OR OTHER\nLIABILITY, WHETHER IN AN ACTION OF CONTRACT, TORT OR OTHERWISE, ARISING FROM,\nOUT OF OR IN CONNECTION WITH THE SOFTWARE OR THE USE OR OTHER DEALINGS IN THE\nSOFTWARE.', 'match_coverage': 100.0, 'matched_length': 161, 'rule_relevance': 100, 'rule_identifier': 'mit.LICENSE', 'license_expression': 'mit', 'license_expression_spdx': 'MIT'}], 'identifier': 'mit-86fcf017-3572-9813-b7e8-0a10ec4a120f', 'license_expression': 'mit', 'license_expression_spdx': 'MIT'}
{'matches': [{'score': 100.0, 'matcher': '2-aho', 'end_line': 107, 'rule_url': 'https://github.com/nexB/scancode-toolkit/tree/develop/src/licensedcode/data/rules/mit_26.RULE', 'from_file': None, 'start_line': 107, 'matched_text': 'The MIT License (MIT)', 'match_coverage': 100.0, 'matched_length': 4, 'rule_relevance': 100, 'rule_identifier': 'mit_26.RULE', 'license_expression': 'mit', 'license_expression_spdx': 'MIT'}, {'score': 100.0, 'matcher': '2-aho', 'end_line': 127, 'rule_url': 'https://github.com/nexB/scancode-toolkit/tree/develop/src/licensedcode/data/licenses/mit.LICENSE', 'from_file': None, 'start_line': 111, 'matched_text': 'Permission is hereby granted, free of charge, to any person obtaining a copy\nof this software and associated documentation files (the ""Software""), to deal\nin the Software without restriction, including without limitation the rights\nto use, copy, modify, merge, publish, distribute, sublicense, and/or sell\ncopies of the Software, and to permit persons to whom the Software is\nfurnished to do so, subject to the following conditions:\n\nThe above copyright notice and this permission notice shall be included in all\ncopies or substantial portions of the Software.\n\nTHE SOFTWARE IS PROVIDED ""AS IS"", WITHOUT WARRANTY OF ANY KIND, EXPRESS OR\nIMPLIED, INCLUDING BUT NOT LIMITED TO THE WARRANTIES OF MERCHANTABILITY,\nFITNESS FOR A PARTICULAR PURPOSE AND NONINFRINGEMENT. IN NO EVENT SHALL THE\nAUTHORS OR COPYRIGHT HOLDERS BE LIABLE FOR ANY CLAIM, DAMAGES OR OTHER\nLIABILITY, WHETHER IN AN ACTION OF CONTRACT, TORT OR OTHERWISE, ARISING FROM,\nOUT OF OR IN CONNECTION WITH THE SOFTWARE OR THE USE OR OTHER DEALINGS IN THE\nSOFTWARE.', 'match_coverage': 100.0, 'matched_length': 161, 'rule_relevance': 100, 'rule_identifier': 'mit.LICENSE', 'license_expression': 'mit', 'license_expression_spdx': 'MIT'}], 'identifier': 'mit-86fcf017-3572-9813-b7e8-0a10ec4a120f', 'license_expression': 'mit', 'license_expression_spdx': 'MIT'}
{'matches': [{'score': 100.0, 'matcher': '2-aho', 'end_line': 137, 'rule_url': 'https://github.com/nexB/scancode-toolkit/tree/develop/src/licensedcode/data/rules/mit_26.RULE', 'from_file': None, 'start_line': 137, 'matched_text': 'The MIT License (MIT)', 'match_coverage': 100.0, 'matched_length': 4, 'rule_relevance': 100, 'rule_identifier': 'mit_26.RULE', 'license_expression': 'mit', 'license_expression_spdx': 'MIT'}, {'score': 100.0, 'matcher': '2-aho', 'end_line': 157, 'rule_url': 'https://github.com/nexB/scancode-toolkit/tree/develop/src/licensedcode/data/licenses/mit.LICENSE', 'from_file': None, 'start_line': 141, 'matched_text': 'Permission is hereby granted, free of charge, to any person obtaining a copy\nof this software and associated documentation files (the ""Software""), to deal\nin the Software without restriction, including without limitation the rights\nto use, copy, modify, merge, publish, distribute, sublicense, and/or sell\ncopies of the Software, and to permit persons to whom the Software is\nfurnished to do so, subject to the following conditions:\n\nThe above copyright notice and this permission notice shall be included in all\ncopies or substantial portions of the Software.\n\nTHE SOFTWARE IS PROVIDED ""AS IS"", WITHOUT WARRANTY OF ANY KIND, EXPRESS OR\nIMPLIED, INCLUDING BUT NOT LIMITED TO THE WARRANTIES OF MERCHANTABILITY,\nFITNESS FOR A PARTICULAR PURPOSE AND NONINFRINGEMENT. IN NO EVENT SHALL THE\nAUTHORS OR COPYRIGHT HOLDERS BE LIABLE FOR ANY CLAIM, DAMAGES OR OTHER\nLIABILITY, WHETHER IN AN ACTION OF CONTRACT, TORT OR OTHERWISE, ARISING FROM,\nOUT OF OR IN CONNECTION WITH THE SOFTWARE OR THE USE OR OTHER DEALINGS IN THE\nSOFTWARE.', 'match_coverage': 100.0, 'matched_length': 161, 'rule_relevance': 100, 'rule_identifier': 'mit.LICENSE', 'license_expression': 'mit', 'license_expression_spdx': 'MIT'}], 'identifier': 'mit-86fcf017-3572-9813-b7e8-0a10ec4a120f', 'license_expression': 'mit', 'license_expression_spdx': 'MIT'}
{'matches': [{'score': 100.0, 'matcher': '2-aho', 'end_line': 167, 'rule_url': 'https://github.com/nexB/scancode-toolkit/tree/develop/src/licensedcode/data/rules/mit_26.RULE', 'from_file': None, 'start_line': 167, 'matched_text': 'The MIT License (MIT)', 'match_coverage': 100.0, 'matched_length': 4, 'rule_relevance': 100, 'rule_identifier': 'mit_26.RULE', 'license_expression': 'mit', 'license_expression_spdx': 'MIT'}, {'score': 100.0, 'matcher': '2-aho', 'end_line': 187, 'rule_url': 'https://github.com/nexB/scancode-toolkit/tree/develop/src/licensedcode/data/licenses/mit.LICENSE', 'from_file': None, 'start_line': 171, 'matched_text': 'Permission is hereby granted, free of charge, to any person obtaining a copy\nof this software and associated documentation files (the ""Software""), to deal\nin the Software without restriction, including without limitation the rights\nto use, copy, modify, merge, publish, distribute, sublicense, and/or sell\ncopies of the Software, and to permit persons to whom the Software is\nfurnished to do so, subject to the following conditions:\n\nThe above copyright notice and this permission notice shall be included in all\ncopies or substantial portions of the Software.\n\nTHE SOFTWARE IS PROVIDED ""AS IS"", WITHOUT WARRANTY OF ANY KIND, EXPRESS OR\nIMPLIED, INCLUDING BUT NOT LIMITED TO THE WARRANTIES OF MERCHANTABILITY,\nFITNESS FOR A PARTICULAR PURPOSE AND NONINFRINGEMENT. IN NO EVENT SHALL THE\nAUTHORS OR COPYRIGHT HOLDERS BE LIABLE FOR ANY CLAIM, DAMAGES OR OTHER\nLIABILITY, WHETHER IN AN ACTION OF CONTRACT, TORT OR OTHERWISE, ARISING FROM,\nOUT OF OR IN CONNECTION WITH THE SOFTWARE OR THE USE OR OTHER DEALINGS IN THE\nSOFTWARE.', 'match_coverage': 100.0, 'matched_length': 161, 'rule_relevance': 100, 'rule_identifier': 'mit.LICENSE', 'license_expression': 'mit', 'license_expression_spdx': 'MIT'}], 'identifier': 'mit-86fcf017-3572-9813-b7e8-0a10ec4a120f', 'license_expression': 'mit', 'license_expression_spdx': 'MIT'}
{'matches': [{'score': 100.0, 'matcher': '2-aho', 'end_line': 197, 'rule_url': 'https://github.com/nexB/scancode-toolkit/tree/develop/src/licensedcode/data/rules/mit_26.RULE', 'from_file': None, 'start_line': 197, 'matched_text': 'The MIT License (MIT)', 'match_coverage': 100.0, 'matched_length': 4, 'rule_relevance': 100, 'rule_identifier': 'mit_26.RULE', 'license_expression': 'mit', 'license_expression_spdx': 'MIT'}, {'score': 100.0, 'matcher': '2-aho', 'end_line': 217, 'rule_url': 'https://github.com/nexB/scancode-toolkit/tree/develop/src/licensedcode/data/licenses/mit.LICENSE', 'from_file': None, 'start_line': 201, 'matched_text': 'Permission is hereby granted, free of charge, to any person obtaining a copy\nof this software and associated documentation files (the ""Software""), to deal\nin the Software without restriction, including without limitation the rights\nto use, copy, modify, merge, publish, distribute, sublicense, and/or sell\ncopies of the Software, and to permit persons to whom the Software is\nfurnished to do so, subject to the following conditions:\n\nThe above copyright notice and this permission notice shall be included in all\ncopies or substantial portions of the Software.\n\nTHE SOFTWARE IS PROVIDED ""AS IS"", WITHOUT WARRANTY OF ANY KIND, EXPRESS OR\nIMPLIED, INCLUDING BUT NOT LIMITED TO THE WARRANTIES OF MERCHANTABILITY,\nFITNESS FOR A PARTICULAR PURPOSE AND NONINFRINGEMENT. IN NO EVENT SHALL THE\nAUTHORS OR COPYRIGHT HOLDERS BE LIABLE FOR ANY CLAIM, DAMAGES OR OTHER\nLIABILITY, WHETHER IN AN ACTION OF CONTRACT, TORT OR OTHERWISE, ARISING FROM,\nOUT OF OR IN CONNECTION WITH THE SOFTWARE OR THE USE OR OTHER DEALINGS IN THE\nSOFTWARE.', 'match_coverage': 100.0, 'matched_length': 161, 'rule_relevance': 100, 'rule_identifier': 'mit.LICENSE', 'license_expression': 'mit', 'license_expression_spdx': 'MIT'}], 'identifier': 'mit-86fcf017-3572-9813-b7e8-0a10ec4a120f', 'license_expression': 'mit', 'license_expression_spdx': 'MIT'}
{'matches': [{'score': 100.0, 'matcher': '2-aho', 'end_line': 227, 'rule_url': 'https://github.com/nexB/scancode-toolkit/tree/develop/src/licensedcode/data/rules/mit_26.RULE', 'from_file': None, 'start_line': 227, 'matched_text': 'The MIT License (MIT)', 'match_coverage': 100.0, 'matched_length': 4, 'rule_relevance': 100, 'rule_identifier': 'mit_26.RULE', 'license_expression': 'mit', 'license_expression_spdx': 'MIT'}, {'score': 100.0, 'matcher': '2-aho', 'end_line': 247, 'rule_url': 'https://github.com/nexB/scancode-toolkit/tree/develop/src/licensedcode/data/licenses/mit.LICENSE', 'from_file': None, 'start_line': 231, 'matched_text': 'Permission is hereby granted, free of charge, to any person obtaining a copy\nof this software and associated documentation files (the ""Software""), to deal\nin the Software without restriction, including without limitation the rights\nto use, copy, modify, merge, publish, distribute, sublicense, and/or sell\ncopies of the Software, and to permit persons to whom the Software is\nfurnished to do so, subject to the following conditions:\n\nThe above copyright notice and this permission notice shall be included in all\ncopies or substantial portions of the Software.\n\nTHE SOFTWARE IS PROVIDED ""AS IS"", WITHOUT WARRANTY OF ANY KIND, EXPRESS OR\nIMPLIED, INCLUDING BUT NOT LIMITED TO THE WARRANTIES OF MERCHANTABILITY,\nFITNESS FOR A PARTICULAR PURPOSE AND NONINFRINGEMENT. IN NO EVENT SHALL THE\nAUTHORS OR COPYRIGHT HOLDERS BE LIABLE FOR ANY CLAIM, DAMAGES OR OTHER\nLIABILITY, WHETHER IN AN ACTION OF CONTRACT, TORT OR OTHERWISE, ARISING FROM,\nOUT OF OR IN CONNECTION WITH THE SOFTWARE OR THE USE OR OTHER DEALINGS IN THE\nSOFTWARE.', 'match_coverage': 100.0, 'matched_length': 161, 'rule_relevance': 100, 'rule_identifier': 'mit.LICENSE', 'license_expression': 'mit', 'license_expression_spdx': 'MIT'}], 'identifier': 'mit-86fcf017-3572-9813-b7e8-0a10ec4a120f', 'license_expression': 'mit', 'license_expression_spdx': 'MIT'}
{'matches': [{'score': 100.0, 'matcher': '2-aho', 'end_line': 257, 'rule_url': 'https://github.com/nexB/scancode-toolkit/tree/develop/src/licensedcode/data/rules/mit_26.RULE', 'from_file': None, 'start_line': 257, 'matched_text': 'The MIT License (MIT)', 'match_coverage': 100.0, 'matched_length': 4, 'rule_relevance': 100, 'rule_identifier': 'mit_26.RULE', 'license_expression': 'mit', 'license_expression_spdx': 'MIT'}, {'score': 100.0, 'matcher': '2-aho', 'end_line': 277, 'rule_url': 'https://github.com/nexB/scancode-toolkit/tree/develop/src/licensedcode/data/licenses/mit.LICENSE', 'from_file': None, 'start_line': 261, 'matched_text': 'Permission is hereby granted, free of charge, to any person obtaining a copy\nof this software and associated documentation files (the ""Software""), to deal\nin the Software without restriction, including without limitation the rights\nto use, copy, modify, merge, publish, distribute, sublicense, and/or sell\ncopies of the Software, and to permit persons to whom the Software is\nfurnished to do so, subject to the following conditions:\n\nThe above copyright notice and this permission notice shall be included in\nall copies or substantial portions of the Software.\n\nTHE SOFTWARE IS PROVIDED ""AS IS"", WITHOUT WARRANTY OF ANY KIND, EXPRESS OR\nIMPLIED, INCLUDING BUT NOT LIMITED TO THE WARRANTIES OF MERCHANTABILITY,\nFITNESS FOR A PARTICULAR PURPOSE AND NONINFRINGEMENT. IN NO EVENT SHALL THE\nAUTHORS OR COPYRIGHT HOLDERS BE LIABLE FOR ANY CLAIM, DAMAGES OR OTHER\nLIABILITY, WHETHER IN AN ACTION OF CONTRACT, TORT OR OTHERWISE, ARISING FROM,\nOUT OF OR IN CONNECTION WITH THE SOFTWARE OR THE USE OR OTHER DEALINGS IN\nTHE SOFTWARE.', 'match_coverage': 100.0, 'matched_length': 161, 'rule_relevance': 100, 'rule_identifier': 'mit.LICENSE', 'license_expression': 'mit', 'license_expression_spdx': 'MIT'}], 'identifier': 'mit-86fcf017-3572-9813-b7e8-0a10ec4a120f', 'license_expression': 'mit', 'license_expression_spdx': 'MIT'}
{'matches': [{'score': 100.0, 'matcher': '2-aho', 'end_line': 287, 'rule_url': 'https://github.com/nexB/scancode-toolkit/tree/develop/src/licensedcode/data/rules/bsd-new_360.RULE', 'from_file': None, 'start_line': 287, 'matched_text': 'BSD 3-Clause License', 'match_coverage': 100.0, 'matched_length': 4, 'rule_relevance': 100, 'rule_identifier': 'bsd-new_360.RULE', 'license_expression': 'bsd-new', 'license_expression_spdx': 'BSD-3-Clause'}], 'identifier': 'bsd_new-4f422d5b-1aa6-653e-2f1d-ba243adf93ba', 'license_expression': 'bsd-new', 'license_expression_spdx': 'BSD-3-Clause'}
{'matches': [{'score': 100.0, 'matcher': '2-aho', 'end_line': 315, 'rule_url': 'https://github.com/nexB/scancode-toolkit/tree/develop/src/licensedcode/data/rules/bsd-new_577.RULE', 'from_file': None, 'start_line': 292, 'matched_text': 'Redistribution and use in source and binary forms, with or without\nmodification, are permitted provided that the following conditions are met:\n\n* Redistributions of source code must retain the above copyright notice, this\n  list of conditions and the following disclaimer.\n\n* Redistributions in binary form must reproduce the above copyright notice,\n  this list of conditions and the following disclaimer in the documentation\n  and/or other materials provided with the distribution.\n\n* Neither the name of the copyright holder nor the names of its\n  contributors may be used to endorse or promote products derived from\n  this software without specific prior written permission.\n\nTHIS SOFTWARE IS PROVIDED BY THE COPYRIGHT HOLDERS AND CONTRIBUTORS ""AS IS""\nAND ANY EXPRESS OR IMPLIED WARRANTIES, INCLUDING, BUT NOT LIMITED TO, THE\nIMPLIED WARRANTIES OF MERCHANTABILITY AND FITNESS FOR A PARTICULAR PURPOSE ARE\nDISCLAIMED. IN NO EVENT SHALL THE COPYRIGHT HOLDER OR CONTRIBUTORS BE LIABLE\nFOR ANY DIRECT, INDIRECT, INCIDENTAL, SPECIAL, EXEMPLARY, OR CONSEQUENTIAL\nDAMAGES (INCLUDING, BUT NOT LIMITED TO, PROCUREMENT OF SUBSTITUTE GOODS OR\nSERVICES; LOSS OF USE, DATA, OR PROFITS; OR BUSINESS INTERRUPTION) HOWEVER\nCAUSED AND ON ANY THEORY OF LIABILITY, WHETHER IN CONTRACT, STRICT LIABILITY,\nOR TORT (INCLUDING NEGLIGENCE OR OTHERWISE) ARISING IN ANY WAY OUT OF THE USE\nOF THIS SOFTWARE, EVEN IF ADVISED OF THE POSSIBILITY OF SUCH DAMAGE.', 'match_coverage': 100.0, 'matched_length': 213, 'rule_relevance': 100, 'rule_identifier': 'bsd-new_577.RULE', 'license_expression': 'bsd-new', 'license_expression_spdx': 'BSD-3-Clause'}], 'identifier': 'bsd_new-5be47247-8ec7-7f95-1b90-0aaa3275e0c2', 'license_expression': 'bsd-new', 'license_expression_spdx': 'BSD-3-Clause'}
{'matches': [{'score': 100.0, 'matcher': '2-aho', 'end_line': 349, 'rule_url': 'https://github.com/nexB/scancode-toolkit/tree/develop/src/licensedcode/data/licenses/mit.LICENSE', 'from_file': None, 'start_line': 327, 'matched_text': 'Permission is hereby granted, free of charge, to any\nperson obtaining a copy of this software and associated\ndocumentation files (the ""Software""), to deal in the\nSoftware without restriction, including without\nlimitation the rights to use, copy, modify, merge,\npublish, distribute, sublicense, and/or sell copies of\nthe Software, and to permit persons to whom the Software\nis furnished to do so, subject to the following\nconditions:\n\nThe above copyright notice and this permission notice\nshall be included in all copies or substantial portions\nof the Software.\n\nTHE SOFTWARE IS PROVIDED ""AS IS"", WITHOUT WARRANTY OF\nANY KIND, EXPRESS OR IMPLIED, INCLUDING BUT NOT LIMITED\nTO THE WARRANTIES OF MERCHANTABILITY, FITNESS FOR A\nPARTICULAR PURPOSE AND NONINFRINGEMENT. IN NO EVENT\nSHALL THE AUTHORS OR COPYRIGHT HOLDERS BE LIABLE FOR ANY\nCLAIM, DAMAGES OR OTHER LIABILITY, WHETHER IN AN ACTION\nOF CONTRACT, TORT OR OTHERWISE, ARISING FROM, OUT OF OR\nIN CONNECTION WITH THE SOFTWARE OR THE USE OR OTHER\nDEALINGS IN THE SOFTWARE.', 'match_coverage': 100.0, 'matched_length': 161, 'rule_relevance': 100, 'rule_identifier': 'mit.LICENSE', 'license_expression': 'mit', 'license_expression_spdx': 'MIT'}], 'identifier': 'mit-cacd5c0c-204a-85c2-affc-e4c125b2492a', 'license_expression': 'mit', 'license_expression_spdx': 'MIT'}
{'matches': [{'score': 100.0, 'matcher': '2-aho', 'end_line': 383, 'rule_url': 'https://github.com/nexB/scancode-toolkit/tree/develop/src/licensedcode/data/licenses/mit.LICENSE', 'from_file': None, 'start_line': 361, 'matched_text': 'Permission is hereby granted, free of charge, to any\nperson obtaining a copy of this software and associated\ndocumentation files (the ""Software""), to deal in the\nSoftware without restriction, including without\nlimitation the rights to use, copy, modify, merge,\npublish, distribute, sublicense, and/or sell copies of\nthe Software, and to permit persons to whom the Software\nis furnished to do so, subject to the following\nconditions:\n\nThe above copyright notice and this permission notice\nshall be included in all copies or substantial portions\nof the Software.\n\nTHE SOFTWARE IS PROVIDED ""AS IS"", WITHOUT WARRANTY OF\nANY KIND, EXPRESS OR IMPLIED, INCLUDING BUT NOT LIMITED\nTO THE WARRANTIES OF MERCHANTABILITY, FITNESS FOR A\nPARTICULAR PURPOSE AND NONINFRINGEMENT. IN NO EVENT\nSHALL THE AUTHORS OR COPYRIGHT HOLDERS BE LIABLE FOR ANY\nCLAIM, DAMAGES OR OTHER LIABILITY, WHETHER IN AN ACTION\nOF CONTRACT, TORT OR OTHERWISE, ARISING FROM, OUT OF OR\nIN CONNECTION WITH THE SOFTWARE OR THE USE OR OTHER\nDEALINGS IN THE SOFTWARE.', 'match_coverage': 100.0, 'matched_length': 161, 'rule_relevance': 100, 'rule_identifier': 'mit.LICENSE', 'license_expression': 'mit', 'license_expression_spdx': 'MIT'}], 'identifier': 'mit-cacd5c0c-204a-85c2-affc-e4c125b2492a', 'license_expression': 'mit', 'license_expression_spdx': 'MIT'}
{'matches': [{'score': 100.0, 'matcher': '2-aho', 'end_line': 393, 'rule_url': 'https://github.com/nexB/scancode-toolkit/tree/develop/src/licensedcode/data/rules/mit_26.RULE', 'from_file': None, 'start_line': 393, 'matched_text': 'The MIT License (MIT)', 'match_coverage': 100.0, 'matched_length': 4, 'rule_relevance': 100, 'rule_identifier': 'mit_26.RULE', 'license_expression': 'mit', 'license_expression_spdx': 'MIT'}, {'score': 100.0, 'matcher': '2-aho', 'end_line': 413, 'rule_url': 'https://github.com/nexB/scancode-toolkit/tree/develop/src/licensedcode/data/licenses/mit.LICENSE', 'from_file': None, 'start_line': 397, 'matched_text': 'Permission is hereby granted, free of charge, to any person obtaining a copy\nof this software and associated documentation files (the ""Software""), to deal\nin the Software without restriction, including without limitation the rights\nto use, copy, modify, merge, publish, distribute, sublicense, and/or sell\ncopies of the Software, and to permit persons to whom the Software is\nfurnished to do so, subject to the following conditions:\n\nThe above copyright notice and this permission notice shall be included in\nall copies or substantial portions of the Software.\n\nTHE SOFTWARE IS PROVIDED ""AS IS"", WITHOUT WARRANTY OF ANY KIND, EXPRESS OR\nIMPLIED, INCLUDING BUT NOT LIMITED TO THE WARRANTIES OF MERCHANTABILITY,\nFITNESS FOR A PARTICULAR PURPOSE AND NONINFRINGEMENT. IN NO EVENT SHALL THE\nAUTHORS OR COPYRIGHT HOLDERS BE LIABLE FOR ANY CLAIM, DAMAGES OR OTHER\nLIABILITY, WHETHER IN AN ACTION OF CONTRACT, TORT OR OTHERWISE, ARISING FROM,\nOUT OF OR IN CONNECTION WITH THE SOFTWARE OR THE USE OR OTHER DEALINGS IN\nTHE SOFTWARE.', 'match_coverage': 100.0, 'matched_length': 161, 'rule_relevance': 100, 'rule_identifier': 'mit.LICENSE', 'license_expression': 'mit', 'license_expression_spdx': 'MIT'}], 'identifier': 'mit-86fcf017-3572-9813-b7e8-0a10ec4a120f', 'license_expression': 'mit', 'license_expression_spdx': 'MIT'}
{'matches': [{'score': 100.0, 'matcher': '2-aho', 'end_line': 441, 'rule_url': 'https://github.com/nexB/scancode-toolkit/tree/develop/src/licensedcode/data/licenses/mit.LICENSE', 'from_file': None, 'start_line': 425, 'matched_text': 'Permission is hereby granted, free of charge, to any person obtaining a copy\nof this software and associated documentation files (the ""Software""), to deal\nin the Software without restriction, including without limitation the rights\nto use, copy, modify, merge, publish, distribute, sublicense, and/or sell\ncopies of the Software, and to permit persons to whom the Software is\nfurnished to do so, subject to the following conditions:\n\nThe above copyright notice and this permission notice shall be included in all\ncopies or substantial portions of the Software.\n\nTHE SOFTWARE IS PROVIDED ""AS IS"", WITHOUT WARRANTY OF ANY KIND, EXPRESS OR\nIMPLIED, INCLUDING BUT NOT LIMITED TO THE WARRANTIES OF MERCHANTABILITY,\nFITNESS FOR A PARTICULAR PURPOSE AND NONINFRINGEMENT. IN NO EVENT SHALL THE\nAUTHORS OR COPYRIGHT HOLDERS BE LIABLE FOR ANY CLAIM, DAMAGES OR OTHER\nLIABILITY, WHETHER IN AN ACTION OF CONTRACT, TORT OR OTHERWISE, ARISING FROM,\nOUT OF OR IN CONNECTION WITH THE SOFTWARE OR THE USE OR OTHER DEALINGS IN THE\nSOFTWARE.', 'match_coverage': 100.0, 'matched_length': 161, 'rule_relevance': 100, 'rule_identifier': 'mit.LICENSE', 'license_expression': 'mit', 'license_expression_spdx': 'MIT'}], 'identifier': 'mit-cacd5c0c-204a-85c2-affc-e4c125b2492a', 'license_expression': 'mit', 'license_expression_spdx': 'MIT'}
{'matches': [{'score': 100.0, 'matcher': '2-aho', 'end_line': 477, 'rule_url': 'https://github.com/nexB/scancode-toolkit/tree/develop/src/licensedcode/data/licenses/mit.LICENSE', 'from_file': None, 'start_line': 455, 'matched_text': 'Permission is hereby granted, free of charge, to any\nperson obtaining a copy of this software and associated\ndocumentation files (the ""Software""), to deal in the\nSoftware without restriction, including without\nlimitation the rights to use, copy, modify, merge,\npublish, distribute, sublicense, and/or sell copies of\nthe Software, and to permit persons to whom the Software\nis furnished to do so, subject to the following\nconditions:\n\nThe above copyright notice and this permission notice\nshall be included in all copies or substantial portions\nof the Software.\n\nTHE SOFTWARE IS PROVIDED ""AS IS"", WITHOUT WARRANTY OF\nANY KIND, EXPRESS OR IMPLIED, INCLUDING BUT NOT LIMITED\nTO THE WARRANTIES OF MERCHANTABILITY, FITNESS FOR A\nPARTICULAR PURPOSE AND NONINFRINGEMENT. IN NO EVENT\nSHALL THE AUTHORS OR COPYRIGHT HOLDERS BE LIABLE FOR ANY\nCLAIM, DAMAGES OR OTHER LIABILITY, WHETHER IN AN ACTION\nOF CONTRACT, TORT OR OTHERWISE, ARISING FROM, OUT OF OR\nIN CONNECTION WITH THE SOFTWARE OR THE USE OR OTHER\nDEALINGS IN THE SOFTWARE.', 'match_coverage': 100.0, 'matched_length': 161, 'rule_relevance': 100, 'rule_identifier': 'mit.LICENSE', 'license_expression': 'mit', 'license_expression_spdx': 'MIT'}], 'identifier': 'mit-cacd5c0c-204a-85c2-affc-e4c125b2492a', 'license_expression': 'mit', 'license_expression_spdx': 'MIT'}
{'matches': [{'score': 100.0, 'matcher': '2-aho', 'end_line': 511, 'rule_url': 'https://github.com/nexB/scancode-toolkit/tree/develop/src/licensedcode/data/licenses/mit.LICENSE', 'from_file': None, 'start_line': 489, 'matched_text': 'Permission is hereby granted, free of charge, to any\nperson obtaining a copy of this software and associated\ndocumentation files (the ""Software""), to deal in the\nSoftware without restriction, including without\nlimitation the rights to use, copy, modify, merge,\npublish, distribute, sublicense, and/or sell copies of\nthe Software, and to permit persons to whom the Software\nis furnished to do so, subject to the following\nconditions:\n\nThe above copyright notice and this permission notice\nshall be included in all copies or substantial portions\nof the Software.\n\nTHE SOFTWARE IS PROVIDED ""AS IS"", WITHOUT WARRANTY OF\nANY KIND, EXPRESS OR IMPLIED, INCLUDING BUT NOT LIMITED\nTO THE WARRANTIES OF MERCHANTABILITY, FITNESS FOR A\nPARTICULAR PURPOSE AND NONINFRINGEMENT. IN NO EVENT\nSHALL THE AUTHORS OR COPYRIGHT HOLDERS BE LIABLE FOR ANY\nCLAIM, DAMAGES OR OTHER LIABILITY, WHETHER IN AN ACTION\nOF CONTRACT, TORT OR OTHERWISE, ARISING FROM, OUT OF OR\nIN CONNECTION WITH THE SOFTWARE OR THE USE OR OTHER\nDEALINGS IN THE SOFTWARE.', 'match_coverage': 100.0, 'matched_length': 161, 'rule_relevance': 100, 'rule_identifier': 'mit.LICENSE', 'license_expression': 'mit', 'license_expression_spdx': 'MIT'}], 'identifier': 'mit-cacd5c0c-204a-85c2-affc-e4c125b2492a', 'license_expression': 'mit', 'license_expression_spdx': 'MIT'}
{'matches': [{'score': 100.0, 'matcher': '2-aho', 'end_line': 547, 'rule_url': 'https://github.com/nexB/scancode-toolkit/tree/develop/src/licensedcode/data/licenses/mit.LICENSE', 'from_file': None, 'start_line': 525, 'matched_text': 'Permission is hereby granted, free of charge, to any\nperson obtaining a copy of this software and associated\ndocumentation files (the ""Software""), to deal in the\nSoftware without restriction, including without\nlimitation the rights to use, copy, modify, merge,\npublish, distribute, sublicense, and/or sell copies of\nthe Software, and to permit persons to whom the Software\nis furnished to do so, subject to the following\nconditions:\n\nThe above copyright notice and this permission notice\nshall be included in all copies or substantial portions\nof the Software.\n\nTHE SOFTWARE IS PROVIDED ""AS IS"", WITHOUT WARRANTY OF\nANY KIND, EXPRESS OR IMPLIED, INCLUDING BUT NOT LIMITED\nTO THE WARRANTIES OF MERCHANTABILITY, FITNESS FOR A\nPARTICULAR PURPOSE AND NONINFRINGEMENT. IN NO EVENT\nSHALL THE AUTHORS OR COPYRIGHT HOLDERS BE LIABLE FOR ANY\nCLAIM, DAMAGES OR OTHER LIABILITY, WHETHER IN AN ACTION\nOF CONTRACT, TORT OR OTHERWISE, ARISING FROM, OUT OF OR\nIN CONNECTION WITH THE SOFTWARE OR THE USE OR OTHER\nDEALINGS IN THE SOFTWARE.', 'match_coverage': 100.0, 'matched_length': 161, 'rule_relevance': 100, 'rule_identifier': 'mit.LICENSE', 'license_expression': 'mit', 'license_expression_spdx': 'MIT'}], 'identifier': 'mit-cacd5c0c-204a-85c2-affc-e4c125b2492a', 'license_expression': 'mit', 'license_expression_spdx': 'MIT'}
{'matches': [{'score': 100.0, 'matcher': '2-aho', 'end_line': 557, 'rule_url': 'https://github.com/nexB/scancode-toolkit/tree/develop/src/licensedcode/data/rules/mit_14.RULE', 'from_file': None, 'start_line': 557, 'matched_text': 'MIT License', 'match_coverage': 100.0, 'matched_length': 2, 'rule_relevance': 100, 'rule_identifier': 'mit_14.RULE', 'license_expression': 'mit', 'license_expression_spdx': 'MIT'}, {'score': 100.0, 'matcher': '2-aho', 'end_line': 565, 'rule_url': 'https://github.com/nexB/scancode-toolkit/tree/develop/src/licensedcode/data/licenses/mit.LICENSE', 'from_file': None, 'start_line': 561, 'matched_text': 'Permission is hereby granted, free o",,"87.55","ok","Copyright (c) 2015 Andrew Gallant
Copyright (c) 2022 The rust-cli Developers
Copyright (c) 2019 Ryan Lopopolo <rjl@hyperbo.la>
Copyright (c) 2015 Alice Maz
Copyright (c) 2013, Jyun-Yan
Copyright (c) 2014 The Rust Project Developers
Copyright (c) 2018-2019 Andrew Gallant
Copyright (c) 2017 The bytecount Developers
Copyright (c) 2014 Alex Crichton
(c) Copyright 2016 Jethro G. Beekman
Copyright (c) 2020 Katharos Technology
Copyright (c) Individual contributors
Copyright (c) 2015-2022 Kevin B. Knapp and Clap Contributors
Copyright (c) 2015
Copyright (c) 2019 Yoshua Wuyts
Copyright (c) 2020 Ryan Lopopolo <rjl@hyperbo.la>
Copyright (c) 1991-2016 Unicode, Inc.
Copyright (c) 2018-2024 The rust-random Project Developers
Copyright (c) 2020 Andrew D. Straw
Copyright (c) 2010 The Rust Project Developers
Copyright (c) 2016-2018 Nikita Pekin and lazycell contributors
Copyright (c) 2014-2020 The Rust Project Developers
Copyright (c) 2015, Simonas Kazlauskas
Copyright (c) 2018 Jorge Aparicio
Copyright (c) 2010-2023 mruby developers
Copyright (c) 2015 Carl Lerche
Copyright (c) 2014-2019 Geoffroy Couprie
Copyright (c) 2002-2021 K.Kosako <kkosako0@gmail.com>
Copyright (c) 2022 Ryan Lopopolo <rjl@hyperbo.la>
Copyright 2018 Developers of the Rand project
Copyright (c) 2015 rust-mersenne-twister developers
Copyright (c) 2021 Ryan Lopopolo <rjl@hyperbo.la>
Copyright (c) 2015 Katsu Kawakami & Rustyline
Copyright (c) 2017 Andrew Gallant
Copyright (c) 2015 Nicholas Allegra
Copyright (c) 2015 Danny Guo
Copyright (c) 2016 Titus Wormer <tituswormer@gmail.com>
Copyright (c) 2018 Akash Kurdekar
Copyright (c) 2022 x-hgg-x
Copyright 2022-2024 Rene Kijewski <crates.io@k6i.de>
Copyright (c) 2015 The Rust Project Developers
Copyright (c) 2016 Joe Wilm","Andrew Gallant
The rust-cli Developers
Ryan Lopopolo
Alice Maz
Jyun-Yan
The Rust Project Developers
The bytecount Developers
Alex Crichton
Jethro G. Beekman
Katharos Technology
Individual contributors
Kevin B. Knapp and Clap Contributors
Yoshua Wuyts
Unicode, Inc.
The rust-random Project Developers
Andrew D. Straw
Nikita Pekin and lazycell contributors
Simonas Kazlauskas
Jorge Aparicio
mruby developers
Carl Lerche
Geoffroy Couprie
K.Kosako
Developers of the Rand project
rust-mersenne-twister developers
Katsu Kawakami & Rustyline
Nicholas Allegra
Danny Guo
Titus Wormer
Akash Kurdekar
x-hgg-x
Rene Kijewski
Joe Wilm",,,"rjl@hyperbo.la
kkosako0@gmail.com
tituswormer@gmail.com
crates.io@k6i.de","https://github.com/BurntSushi/aho-corasick
https://github.com/rust-cli/anstyle
https://github.com/artichoke/artichoke
https://github.com/marshallpierce/rust-base64
https://rust-lang.github.io/rust-bindgen/
https://github.com/bitflags/bitflags
https://github.com/BurntSushi/bstr
https://github.com/llogiq/bytecount
https://github.com/rust-lang/cc-rs
https://github.com/jethrogb/rust-cexpr
https://github.com/alexcrichton/cfg-if
https://github.com/katharostech/cfg_aliases
https://github.com/KyleMayes/clang-sys
http://www.apache.org/licenses/
http://www.apache.org/licenses/LICENSE-2.0
https://github.com/clap-rs/clap
https://github.com/taiki-e/const_fn
https://github.com/rayon-rs/either
https://github.com/yoshuawuyts/fd-lock
https://github.com/artichoke/focaccia
http://www.unicode.org/Public
http://www.unicode.org/reports
http://www.unicode.org/cldr/data
http://source.icu-project.org/repos/icu
http://www.unicode.org/utility/trac/browser
http://www.unicode.org/copyright.html
https://github.com/rust-random/getrandom
https://github.com/rust-lang/glob
https://github.com/strawlab/iana-time-zone
https://github.com/artichoke/intaglio
https://github.com/rust-itertools/itertools
https://github.com/rust-lang/jobserver-rs
https://github.com/rust-lang-nursery/lazy-static.rs
https://github.com/indiv0/lazycell
https://github.com/rust-lang/libc
https://github.com/nagisa/rust_libloading/
https://github.com/rust-lang/libm
https://github.com/sunfishcode/linux-raw-sys
https://github.com/rust-lang/log
https://github.com/BurntSushi/memchr
https://github.com/Alexhuszagh/minimal-lexical
https://github.com/mruby/mruby
https://github.com/nix-rust/nix
https://github.com/Geal/nom
https://github.com/matklad/once_cell
http://github.com/iwillspeak/rust-onig
https://github.com/kkos/oniguruma
https://github.com/rust-lang/pkg-config-rs
https://github.com/artichoke/posix-space
https://github.com/dtolnay/proc-macro2","The value of: license_detections has been truncated from: 205106 to 32767 length to fit in an XLSX cell maximum length",
